station_id,station_name,date,precipitation,snow_depth,snowfall,max_temperature,min_temperature,average_wind_speed
USW00094728,"NY CITY CENTRAL PARK, NY US",2017-01-01,5.59,0,0,0,48,40
USW00094728,"NY CITY CENTRAL PARK, NY US",2017-01-02,9.17,0.21,0,0,41,37
USW00094728,"NY CITY CENTRAL PARK, NY US",2017-01-03,10.74,0.58,0,0,43,39
USW00094728,"NY CITY CENTRAL PARK, NY US",2017-01-04,8.05,0,0,0,52,34
USW00094728,"NY CITY CENTRAL PARK, NY US",2017-01-05,7.83,0,0,0,34,27
USW00094728,"NY CITY CENTRAL PARK, NY US",2017-01-06,4.7,0.05,1.2,1.2,33,25
USW00094728,"NY CITY CENTRAL PARK, NY US",2017-01-07,7.61,0.32,5.1,0,26,20
USW00094728,"NY CITY CENTRAL PARK, NY US",2017-01-08,8.72,0,0,3.9,25,16
USW00094728,"NY CITY CENTRAL PARK, NY US",2017-01-09,5.14,0,0,3.1,23,14
USW00094728,"NY CITY CENTRAL PARK, NY US",2017-01-10,4.7,0,0,3.1,46,21
USW00094728,"NY CITY CENTRAL PARK, NY US",2017-01-11,5.82,0.52,0,0,52,42
USW00094728,"NY CITY CENTRAL PARK, NY US",2017-01-12,7.61,0.05,0,0,66,47
USW00094728,"NY CITY CENTRAL PARK, NY US",2017-01-13,7.16,0,0,0,62,32
USW00094728,"NY CITY CENTRAL PARK, NY US",2017-01-14,4.25,0.12,0.6,0,34,28
USW00094728,"NY CITY CENTRAL PARK, NY US",2017-01-15,4.25,0,0,1.2,38,30
USW00094728,"NY CITY CENTRAL PARK, NY US",2017-01-16,4.7,0,0,0,43,30
USW00094728,"NY CITY CENTRAL PARK, NY US",2017-01-17,4.92,0.35,0,0,42,38
USW00094728,"NY CITY CENTRAL PARK, NY US",2017-01-18,5.82,0.06,0,0,41,38
USW00094728,"NY CITY CENTRAL PARK, NY US",2017-01-19,3.58,0,0,0,49,39
USW00094728,"NY CITY CENTRAL PARK, NY US",2017-01-20,4.03,0.1,0,0,45,40
USW00094728,"NY CITY CENTRAL PARK, NY US",2017-01-21,3.8,0,0,0,49,41
USW00094728,"NY CITY CENTRAL PARK, NY US",2017-01-22,6.71,0.05,0,0,48,43
USW00094728,"NY CITY CENTRAL PARK, NY US",2017-01-23,18.34,1.16,0,0,44,36
USW00094728,"NY CITY CENTRAL PARK, NY US",2017-01-24,10.07,1.18,0,0,38,35
USW00094728,"NY CITY CENTRAL PARK, NY US",2017-01-25,6.71,0,0,0,51,36
USW00094728,"NY CITY CENTRAL PARK, NY US",2017-01-26,6.71,0.02,0,0,56,43
USW00094728,"NY CITY CENTRAL PARK, NY US",2017-01-27,8.95,0,0,0,43,36
USW00094728,"NY CITY CENTRAL PARK, NY US",2017-01-28,7.83,0,0,0,39,34
USW00094728,"NY CITY CENTRAL PARK, NY US",2017-01-29,5.82,0,0,0,43,35
USW00094728,"NY CITY CENTRAL PARK, NY US",2017-01-30,6.26,0,0,0,37,30
USW00094728,"NY CITY CENTRAL PARK, NY US",2017-01-31,4.03,0.06,1,0,34,26
USW00094728,"NY CITY CENTRAL PARK, NY US",2017-02-01,5.82,0,0,0,47,33
USW00094728,"NY CITY CENTRAL PARK, NY US",2017-02-02,5.37,0,0,0,45,32
USW00094728,"NY CITY CENTRAL PARK, NY US",2017-02-03,6.71,0,0,0,33,26
USW00094728,"NY CITY CENTRAL PARK, NY US",2017-02-04,8.5,0,0,0,34,22
USW00094728,"NY CITY CENTRAL PARK, NY US",2017-02-05,7.16,0,0,0,43,31
USW00094728,"NY CITY CENTRAL PARK, NY US",2017-02-06,5.14,0,0,0,49,36
USW00094728,"NY CITY CENTRAL PARK, NY US",2017-02-07,6.71,0.27,0,0,42,36
USW00094728,"NY CITY CENTRAL PARK, NY US",2017-02-08,4.7,0.03,0,0,62,38
USW00094728,"NY CITY CENTRAL PARK, NY US",2017-02-09,12.3,1.16,9.4,2,44,19
USW00094728,"NY CITY CENTRAL PARK, NY US",2017-02-10,8.5,0,0,7.9,32,19
USW00094728,"NY CITY CENTRAL PARK, NY US",2017-02-11,4.03,0,0,5.1,48,30
USW00094728,"NY CITY CENTRAL PARK, NY US",2017-02-12,7.16,0.46,0,2,40,30
USW00094728,"NY CITY CENTRAL PARK, NY US",2017-02-13,12.3,0.02,0,2,39,31
USW00094728,"NY CITY CENTRAL PARK, NY US",2017-02-14,5.37,0,0,2,41,28
USW00094728,"NY CITY CENTRAL PARK, NY US",2017-02-15,6.49,0,0,0,47,35
USW00094728,"NY CITY CENTRAL PARK, NY US",2017-02-16,10.51,0,0,0,35,28
USW00094728,"NY CITY CENTRAL PARK, NY US",2017-02-17,8.5,0,0,0,41,26
USW00094728,"NY CITY CENTRAL PARK, NY US",2017-02-18,5.82,0,0,0,63,35
USW00094728,"NY CITY CENTRAL PARK, NY US",2017-02-19,5.59,0,0,0,65,53
USW00094728,"NY CITY CENTRAL PARK, NY US",2017-02-20,7.38,0,0,0,55,39
USW00094728,"NY CITY CENTRAL PARK, NY US",2017-02-21,5.82,0,0,0,47,34
USW00094728,"NY CITY CENTRAL PARK, NY US",2017-02-22,2.91,0,0,0,57,42
USW00094728,"NY CITY CENTRAL PARK, NY US",2017-02-23,3.58,0,0,0,65,44
USW00094728,"NY CITY CENTRAL PARK, NY US",2017-02-24,6.04,0,0,0,70,58
USW00094728,"NY CITY CENTRAL PARK, NY US",2017-02-25,6.71,0.54,0,0,63,44
USW00094728,"NY CITY CENTRAL PARK, NY US",2017-02-26,8.95,0,0,0,44,36
USW00094728,"NY CITY CENTRAL PARK, NY US",2017-02-27,5.59,0,0,0,54,35
USW00094728,"NY CITY CENTRAL PARK, NY US",2017-02-28,4.03,0,0,0,59,47
USW00094728,"NY CITY CENTRAL PARK, NY US",2017-03-01,6.04,0.12,0,0,70,54
USW00094728,"NY CITY CENTRAL PARK, NY US",2017-03-02,11.41,0,0,0,64,35
USW00094728,"NY CITY CENTRAL PARK, NY US",2017-03-03,8.28,0,0,0,39,24
USW00094728,"NY CITY CENTRAL PARK, NY US",2017-03-04,8.95,0,0,0,30,17
USW00094728,"NY CITY CENTRAL PARK, NY US",2017-03-05,5.37,0,0,0,37,14
USW00094728,"NY CITY CENTRAL PARK, NY US",2017-03-06,3.36,0,0,0,45,26
USW00094728,"NY CITY CENTRAL PARK, NY US",2017-03-07,4.25,0.1,0,0,56,42
USW00094728,"NY CITY CENTRAL PARK, NY US",2017-03-08,7.61,0.02,0,0,59,47
USW00094728,"NY CITY CENTRAL PARK, NY US",2017-03-09,8.72,0,0,0,61,47
USW00094728,"NY CITY CENTRAL PARK, NY US",2017-03-10,7.61,0.31,2.1,0,47,23
USW00094728,"NY CITY CENTRAL PARK, NY US",2017-03-11,9.62,0,0,1.2,29,17
USW00094728,"NY CITY CENTRAL PARK, NY US",2017-03-12,8.95,0,0,0,29,19
USW00094728,"NY CITY CENTRAL PARK, NY US",2017-03-13,4.47,0,0,0,36,20
USW00094728,"NY CITY CENTRAL PARK, NY US",2017-03-14,13.42,1.97,7.6,3.9,32,21
USW00094728,"NY CITY CENTRAL PARK, NY US",2017-03-15,11.63,0,0,5.9,26,20
USW00094728,"NY CITY CENTRAL PARK, NY US",2017-03-16,7.83,0,0,5.1,39,24
USW00094728,"NY CITY CENTRAL PARK, NY US",2017-03-17,6.49,0,0,3.9,47,29
USW00094728,"NY CITY CENTRAL PARK, NY US",2017-03-18,8.72,0.08,0,3.1,39,34
USW00094728,"NY CITY CENTRAL PARK, NY US",2017-03-19,8.28,0,0,3.1,47,34
USW00094728,"NY CITY CENTRAL PARK, NY US",2017-03-20,5.14,0,0,0,52,33
USW00094728,"NY CITY CENTRAL PARK, NY US",2017-03-21,4.03,0,0,0,59,42
USW00094728,"NY CITY CENTRAL PARK, NY US",2017-03-22,11.41,0,0,0,50,24
USW00094728,"NY CITY CENTRAL PARK, NY US",2017-03-23,4.92,0,0,0,42,23
USW00094728,"NY CITY CENTRAL PARK, NY US",2017-03-24,6.26,0,0,0,57,36
USW00094728,"NY CITY CENTRAL PARK, NY US",2017-03-25,6.71,0.01,0,0,62,42
USW00094728,"NY CITY CENTRAL PARK, NY US",2017-03-26,8.28,0.14,0,0,42,37
USW00094728,"NY CITY CENTRAL PARK, NY US",2017-03-27,4.25,0.26,0,0,53,37
USW00094728,"NY CITY CENTRAL PARK, NY US",2017-03-28,5.82,0.72,0,0,46,41
USW00094728,"NY CITY CENTRAL PARK, NY US",2017-03-29,7.83,0,0,0,60,42
USW00094728,"NY CITY CENTRAL PARK, NY US",2017-03-30,5.82,0.01,0,0,52,38
USW00094728,"NY CITY CENTRAL PARK, NY US",2017-03-31,10.29,1.51,0,0,43,37
USW00094728,"NY CITY CENTRAL PARK, NY US",2017-04-01,7.61,0,0,0,48,37
USW00094728,"NY CITY CENTRAL PARK, NY US",2017-04-02,5.37,0,0,0,63,40
USW00094728,"NY CITY CENTRAL PARK, NY US",2017-04-03,4.92,0.03,0,0,63,48
USW00094728,"NY CITY CENTRAL PARK, NY US",2017-04-04,6.93,1.18,0,0,51,45
USW00094728,"NY CITY CENTRAL PARK, NY US",2017-04-05,3.36,0,0,0,65,45
USW00094728,"NY CITY CENTRAL PARK, NY US",2017-04-06,9.17,0.73,0,0,53,40
USW00094728,"NY CITY CENTRAL PARK, NY US",2017-04-07,10.51,0,0,0,51,40
USW00094728,"NY CITY CENTRAL PARK, NY US",2017-04-08,8.28,0,0,0,57,40
USW00094728,"NY CITY CENTRAL PARK, NY US",2017-04-09,4.92,0,0,0,67,45
USW00094728,"NY CITY CENTRAL PARK, NY US",2017-04-10,6.04,0,0,0,74,53
USW00094728,"NY CITY CENTRAL PARK, NY US",2017-04-11,5.59,0,0,0,80,61
USW00094728,"NY CITY CENTRAL PARK, NY US",2017-04-12,2.91,0.02,0,0,76,58
USW00094728,"NY CITY CENTRAL PARK, NY US",2017-04-13,5.14,0,0,0,65,48
USW00094728,"NY CITY CENTRAL PARK, NY US",2017-04-14,3.8,0,0,0,66,48
USW00094728,"NY CITY CENTRAL PARK, NY US",2017-04-15,5.59,0,0,0,65,51
USW00094728,"NY CITY CENTRAL PARK, NY US",2017-04-16,7.38,0,0,0,87,59
USW00094728,"NY CITY CENTRAL PARK, NY US",2017-04-17,6.71,0,0,0,74,58
USW00094728,"NY CITY CENTRAL PARK, NY US",2017-04-18,6.93,0,0,0,65,47
USW00094728,"NY CITY CENTRAL PARK, NY US",2017-04-19,5.59,0,0,0,54,45
USW00094728,"NY CITY CENTRAL PARK, NY US",2017-04-20,4.03,0.17,0,0,66,50
USW00094728,"NY CITY CENTRAL PARK, NY US",2017-04-21,7.38,0.29,0,0,53,48
USW00094728,"NY CITY CENTRAL PARK, NY US",2017-04-22,3.58,0.11,0,0,57,49
USW00094728,"NY CITY CENTRAL PARK, NY US",2017-04-23,4.92,0,0,0,66,46
USW00094728,"NY CITY CENTRAL PARK, NY US",2017-04-24,3.58,0,0,0,60,48
USW00094728,"NY CITY CENTRAL PARK, NY US",2017-04-25,13.2,0.91,0,0,54,49
USW00094728,"NY CITY CENTRAL PARK, NY US",2017-04-26,4.92,0.34,0,0,60,53
USW00094728,"NY CITY CENTRAL PARK, NY US",2017-04-27,2.91,0,0,0,70,57
USW00094728,"NY CITY CENTRAL PARK, NY US",2017-04-28,3.13,0,0,0,85,58
USW00094728,"NY CITY CENTRAL PARK, NY US",2017-04-29,5.14,0.06,0,0,85,64
USW00094728,"NY CITY CENTRAL PARK, NY US",2017-04-30,6.71,0,0,0,67,52
USW00094728,"NY CITY CENTRAL PARK, NY US",2017-05-01,5.14,0,0,0,74,49
USW00094728,"NY CITY CENTRAL PARK, NY US",2017-05-02,7.83,0,0,0,75,62
USW00094728,"NY CITY CENTRAL PARK, NY US",2017-05-03,8.28,0,0,0,65,51
USW00094728,"NY CITY CENTRAL PARK, NY US",2017-05-04,5.37,0,0,0,64,47
USW00094728,"NY CITY CENTRAL PARK, NY US",2017-05-05,6.49,3.02,0,0,59,51
USW00094728,"NY CITY CENTRAL PARK, NY US",2017-05-06,6.04,0.18,0,0,67,52
USW00094728,"NY CITY CENTRAL PARK, NY US",2017-05-07,5.59,0.01,0,0,56,47
USW00094728,"NY CITY CENTRAL PARK, NY US",2017-05-08,5.82,0,0,0,57,44
USW00094728,"NY CITY CENTRAL PARK, NY US",2017-05-09,4.47,0,0,0,63,47
USW00094728,"NY CITY CENTRAL PARK, NY US",2017-05-10,3.36,0,0,0,63,49
USW00094728,"NY CITY CENTRAL PARK, NY US",2017-05-11,3.58,0,0,0,62,51
USW00094728,"NY CITY CENTRAL PARK, NY US",2017-05-12,4.03,0,0,0,65,48
USW00094728,"NY CITY CENTRAL PARK, NY US",2017-05-13,7.61,1.61,0,0,53,45
USW00094728,"NY CITY CENTRAL PARK, NY US",2017-05-14,5.37,0.02,0,0,67,46
USW00094728,"NY CITY CENTRAL PARK, NY US",2017-05-15,8.95,0,0,0,68,53
USW00094728,"NY CITY CENTRAL PARK, NY US",2017-05-16,4.25,0,0,0,79,56
USW00094728,"NY CITY CENTRAL PARK, NY US",2017-05-17,5.59,0,0,0,90,65
USW00094728,"NY CITY CENTRAL PARK, NY US",2017-05-18,5.59,0,0,0,92,75
USW00094728,"NY CITY CENTRAL PARK, NY US",2017-05-19,6.26,0,0,0,91,66
USW00094728,"NY CITY CENTRAL PARK, NY US",2017-05-20,4.03,0.01,0,0,65,55
USW00094728,"NY CITY CENTRAL PARK, NY US",2017-05-21,4.03,0,0,0,69,52
USW00094728,"NY CITY CENTRAL PARK, NY US",2017-05-22,2.68,0.59,0,0,61,53
USW00094728,"NY CITY CENTRAL PARK, NY US",2017-05-23,2.24,0,0,0,69,56
USW00094728,"NY CITY CENTRAL PARK, NY US",2017-05-24,4.92,0.04,0,0,69,56
USW00094728,"NY CITY CENTRAL PARK, NY US",2017-05-25,8.05,0.58,0,0,59,56
USW00094728,"NY CITY CENTRAL PARK, NY US",2017-05-26,4.92,0.1,0,0,73,56
USW00094728,"NY CITY CENTRAL PARK, NY US",2017-05-27,3.13,0,0,0,71,59
USW00094728,"NY CITY CENTRAL PARK, NY US",2017-05-28,4.47,0,0,0,71,58
USW00094728,"NY CITY CENTRAL PARK, NY US",2017-05-29,5.14,0.13,0,0,61,56
USW00094728,"NY CITY CENTRAL PARK, NY US",2017-05-30,2.68,0.06,0,0,60,55
USW00094728,"NY CITY CENTRAL PARK, NY US",2017-05-31,2.46,0.03,0,0,75,58
USW00094728,"NY CITY CENTRAL PARK, NY US",2017-06-01,3.8,0,0,0,79,59
USW00094728,"NY CITY CENTRAL PARK, NY US",2017-06-02,4.47,0.01,0,0,76,57
USW00094728,"NY CITY CENTRAL PARK, NY US",2017-06-03,3.58,0.01,0,0,73,55
USW00094728,"NY CITY CENTRAL PARK, NY US",2017-06-04,2.24,0.09,0,0,70,56
USW00094728,"NY CITY CENTRAL PARK, NY US",2017-06-05,4.92,0.02,0,0,67,58
USW00094728,"NY CITY CENTRAL PARK, NY US",2017-06-06,7.16,0.06,0,0,58,52
USW00094728,"NY CITY CENTRAL PARK, NY US",2017-06-07,3.36,0,0,0,67,51
USW00094728,"NY CITY CENTRAL PARK, NY US",2017-06-08,3.8,0,0,0,69,55
USW00094728,"NY CITY CENTRAL PARK, NY US",2017-06-09,4.7,0,0,0,80,53
USW00094728,"NY CITY CENTRAL PARK, NY US",2017-06-10,3.58,0,0,0,85,66
USW00094728,"NY CITY CENTRAL PARK, NY US",2017-06-11,5.14,0,0,0,90,72
USW00094728,"NY CITY CENTRAL PARK, NY US",2017-06-12,3.8,0,0,0,93,76
USW00094728,"NY CITY CENTRAL PARK, NY US",2017-06-13,3.13,0,0,0,94,77
USW00094728,"NY CITY CENTRAL PARK, NY US",2017-06-14,4.7,0.29,0,0,84,69
USW00094728,"NY CITY CENTRAL PARK, NY US",2017-06-15,4.25,0,0,0,76,64
USW00094728,"NY CITY CENTRAL PARK, NY US",2017-06-16,5.14,0,0,0,68,63
USW00094728,"NY CITY CENTRAL PARK, NY US",2017-06-17,2.24,1.39,0,0,74,66
USW00094728,"NY CITY CENTRAL PARK, NY US",2017-06-18,3.58,0,0,0,85,70
USW00094728,"NY CITY CENTRAL PARK, NY US",2017-06-19,3.8,1.35,0,0,88,70
USW00094728,"NY CITY CENTRAL PARK, NY US",2017-06-20,5.14,0.03,0,0,83,71
USW00094728,"NY CITY CENTRAL PARK, NY US",2017-06-21,4.7,0,0,0,83,71
USW00094728,"NY CITY CENTRAL PARK, NY US",2017-06-22,2.24,0,0,0,83,68
USW00094728,"NY CITY CENTRAL PARK, NY US",2017-06-23,4.92,0.04,0,0,83,76
USW00094728,"NY CITY CENTRAL PARK, NY US",2017-06-24,5.37,1.29,0,0,84,71
USW00094728,"NY CITY CENTRAL PARK, NY US",2017-06-25,2.46,0,0,0,83,68
USW00094728,"NY CITY CENTRAL PARK, NY US",2017-06-26,3.13,0,0,0,79,64
USW00094728,"NY CITY CENTRAL PARK, NY US",2017-06-27,3.58,0.18,0,0,77,60
USW00094728,"NY CITY CENTRAL PARK, NY US",2017-06-28,4.92,0,0,0,78,61
USW00094728,"NY CITY CENTRAL PARK, NY US",2017-06-29,5.37,0,0,0,82,68
USW00094728,"NY CITY CENTRAL PARK, NY US",2017-06-30,5.82,0,0,0,88,73
USW00094728,"NY CITY CENTRAL PARK, NY US",2017-07-01,4.03,0.23,0,0,85,71
USW00094728,"NY CITY CENTRAL PARK, NY US",2017-07-02,4.92,0,0,0,87,72
USW00094728,"NY CITY CENTRAL PARK, NY US",2017-07-03,1.79,0.45,0,0,88,71
USW00094728,"NY CITY CENTRAL PARK, NY US",2017-07-04,2.68,0,0,0,85,70
USW00094728,"NY CITY CENTRAL PARK, NY US",2017-07-05,4.92,0,0,0,85,70
USW00094728,"NY CITY CENTRAL PARK, NY US",2017-07-06,3.58,0,0,0,77,71
USW00094728,"NY CITY CENTRAL PARK, NY US",2017-07-07,5.37,1.78,0,0,80,68
USW00094728,"NY CITY CENTRAL PARK, NY US",2017-07-08,3.36,0,0,0,84,69
USW00094728,"NY CITY CENTRAL PARK, NY US",2017-07-09,3.58,0,0,0,81,67
USW00094728,"NY CITY CENTRAL PARK, NY US",2017-07-10,3.36,0,0,0,84,68
USW00094728,"NY CITY CENTRAL PARK, NY US",2017-07-11,3.13,0,0,0,85,75
USW00094728,"NY CITY CENTRAL PARK, NY US",2017-07-12,5.14,0,0,0,88,77
USW00094728,"NY CITY CENTRAL PARK, NY US",2017-07-13,4.92,0,0,0,90,73
USW00094728,"NY CITY CENTRAL PARK, NY US",2017-07-14,4.7,0.35,0,0,73,65
USW00094728,"NY CITY CENTRAL PARK, NY US",2017-07-15,3.36,0,0,0,84,68
USW00094728,"NY CITY CENTRAL PARK, NY US",2017-07-16,2.68,0,0,0,87,68
USW00094728,"NY CITY CENTRAL PARK, NY US",2017-07-17,2.68,0,0,0,85,73
USW00094728,"NY CITY CENTRAL PARK, NY US",2017-07-18,2.91,0,0,0,88,73
USW00094728,"NY CITY CENTRAL PARK, NY US",2017-07-19,3.13,0,0,0,92,77
USW00094728,"NY CITY CENTRAL PARK, NY US",2017-07-20,2.91,0.01,0,0,94,77
USW00094728,"NY CITY CENTRAL PARK, NY US",2017-07-21,3.8,0,0,0,92,76
USW00094728,"NY CITY CENTRAL PARK, NY US",2017-07-22,2.46,0.57,0,0,92,71
USW00094728,"NY CITY CENTRAL PARK, NY US",2017-07-23,2.68,0.06,0,0,79,71
USW00094728,"NY CITY CENTRAL PARK, NY US",2017-07-24,6.71,0.74,0,0,73,63
USW00094728,"NY CITY CENTRAL PARK, NY US",2017-07-25,5.14,0,0,0,71,62
USW00094728,"NY CITY CENTRAL PARK, NY US",2017-07-26,3.8,0,0,0,77,65
USW00094728,"NY CITY CENTRAL PARK, NY US",2017-07-27,2.46,0,0,0,78,65
USW00094728,"NY CITY CENTRAL PARK, NY US",2017-07-28,2.91,0,0,0,85,71
USW00094728,"NY CITY CENTRAL PARK, NY US",2017-07-29,9.4,0,0,0,77,67
USW00094728,"NY CITY CENTRAL PARK, NY US",2017-07-30,4.25,0,0,0,82,64
USW00094728,"NY CITY CENTRAL PARK, NY US",2017-07-31,2.01,0,0,0,88,66
USW00094728,"NY CITY CENTRAL PARK, NY US",2017-08-01,2.68,0,0,0,92,71
USW00094728,"NY CITY CENTRAL PARK, NY US",2017-08-02,1.57,0.09,0,0,86,69
USW00094728,"NY CITY CENTRAL PARK, NY US",2017-08-03,1.79,0,0,0,87,68
USW00094728,"NY CITY CENTRAL PARK, NY US",2017-08-04,4.25,0.15,0,0,84,69
USW00094728,"NY CITY CENTRAL PARK, NY US",2017-08-05,4.47,0.3,0,0,78,69
USW00094728,"NY CITY CENTRAL PARK, NY US",2017-08-06,3.8,0,0,0,76,64
USW00094728,"NY CITY CENTRAL PARK, NY US",2017-08-07,2.46,0.76,0,0,71,64
USW00094728,"NY CITY CENTRAL PARK, NY US",2017-08-08,2.91,0,0,0,78,65
USW00094728,"NY CITY CENTRAL PARK, NY US",2017-08-09,1.34,0,0,0,85,64
USW00094728,"NY CITY CENTRAL PARK, NY US",2017-08-10,2.24,0,0,0,83,68
USW00094728,"NY CITY CENTRAL PARK, NY US",2017-08-11,2.68,0,0,0,82,69
USW00094728,"NY CITY CENTRAL PARK, NY US",2017-08-12,3.36,0.11,0,0,77,64
USW00094728,"NY CITY CENTRAL PARK, NY US",2017-08-13,3.8,0,0,0,83,71
USW00094728,"NY CITY CENTRAL PARK, NY US",2017-08-14,2.24,0,0,0,80,70
USW00094728,"NY CITY CENTRAL PARK, NY US",2017-08-15,1.12,0.45,0,0,74,68
USW00094728,"NY CITY CENTRAL PARK, NY US",2017-08-16,2.24,0,0,0,87,70
USW00094728,"NY CITY CENTRAL PARK, NY US",2017-08-17,3.13,0,0,0,83,69
USW00094728,"NY CITY CENTRAL PARK, NY US",2017-08-18,3.36,0.88,0,0,82,73
USW00094728,"NY CITY CENTRAL PARK, NY US",2017-08-19,2.91,0,0,0,86,73
USW00094728,"NY CITY CENTRAL PARK, NY US",2017-08-20,4.47,0,0,0,81,69
USW00094728,"NY CITY CENTRAL PARK, NY US",2017-08-21,3.36,0,0,0,87,71
USW00094728,"NY CITY CENTRAL PARK, NY US",2017-08-22,5.14,0.3,0,0,89,72
USW00094728,"NY CITY CENTRAL PARK, NY US",2017-08-23,4.03,0,0,0,81,70
USW00094728,"NY CITY CENTRAL PARK, NY US",2017-08-24,3.13,0,0,0,80,65
USW00094728,"NY CITY CENTRAL PARK, NY US",2017-08-25,2.46,0,0,0,78,63
USW00094728,"NY CITY CENTRAL PARK, NY US",2017-08-26,3.8,0,0,0,78,62
USW00094728,"NY CITY CENTRAL PARK, NY US",2017-08-27,4.47,0,0,0,78,63
USW00094728,"NY CITY CENTRAL PARK, NY US",2017-08-28,6.26,0,0,0,76,63
USW00094728,"NY CITY CENTRAL PARK, NY US",2017-08-29,8.05,0.29,0,0,68,61
USW00094728,"NY CITY CENTRAL PARK, NY US",2017-08-30,5.14,0.01,0,0,78,60
USW00094728,"NY CITY CENTRAL PARK, NY US",2017-08-31,3.8,0,0,0,81,64
USW00094728,"NY CITY CENTRAL PARK, NY US",2017-09-01,4.92,0,0,0,71,55
USW00094728,"NY CITY CENTRAL PARK, NY US",2017-09-02,5.59,0.53,0,0,68,54
USW00094728,"NY CITY CENTRAL PARK, NY US",2017-09-03,5.59,0.74,0,0,69,59
USW00094728,"NY CITY CENTRAL PARK, NY US",2017-09-04,4.7,0,0,0,80,61
USW00094728,"NY CITY CENTRAL PARK, NY US",2017-09-05,3.13,0,0,0,85,69
USW00094728,"NY CITY CENTRAL PARK, NY US",2017-09-06,3.8,0.42,0,0,72,61
USW00094728,"NY CITY CENTRAL PARK, NY US",2017-09-07,4.92,0.01,0,0,71,59
USW00094728,"NY CITY CENTRAL PARK, NY US",2017-09-08,3.8,0,0,0,71,58
USW00094728,"NY CITY CENTRAL PARK, NY US",2017-09-09,4.03,0,0,0,70,55
USW00094728,"NY CITY CENTRAL PARK, NY US",2017-09-10,5.82,0,0,0,72,57
USW00094728,"NY CITY CENTRAL PARK, NY US",2017-09-11,2.01,0,0,0,76,55
USW00094728,"NY CITY CENTRAL PARK, NY US",2017-09-12,1.34,0,0,0,78,59
USW00094728,"NY CITY CENTRAL PARK, NY US",2017-09-13,2.46,0.06,0,0,83,64
USW00094728,"NY CITY CENTRAL PARK, NY US",2017-09-14,2.24,0.02,0,0,81,70
USW00094728,"NY CITY CENTRAL PARK, NY US",2017-09-15,1.57,0,0,0,81,67
USW00094728,"NY CITY CENTRAL PARK, NY US",2017-09-16,2.91,0,0,0,82,70
USW00094728,"NY CITY CENTRAL PARK, NY US",2017-09-17,2.68,0,0,0,81,68
USW00094728,"NY CITY CENTRAL PARK, NY US",2017-09-18,6.93,0,0,0,73,68
USW00094728,"NY CITY CENTRAL PARK, NY US",2017-09-19,9.84,0.22,0,0,78,69
USW00094728,"NY CITY CENTRAL PARK, NY US",2017-09-20,6.26,0,0,0,79,71
USW00094728,"NY CITY CENTRAL PARK, NY US",2017-09-21,5.59,0,0,0,80,71
USW00094728,"NY CITY CENTRAL PARK, NY US",2017-09-22,7.16,0,0,0,82,66
USW00094728,"NY CITY CENTRAL PARK, NY US",2017-09-23,4.7,0,0,0,87,68
USW00094728,"NY CITY CENTRAL PARK, NY US",2017-09-24,1.57,0,0,0,91,69
USW00094728,"NY CITY CENTRAL PARK, NY US",2017-09-25,2.91,0,0,0,88,70
USW00094728,"NY CITY CENTRAL PARK, NY US",2017-09-26,2.01,0,0,0,84,68
USW00094728,"NY CITY CENTRAL PARK, NY US",2017-09-27,3.8,0,0,0,87,69
USW00094728,"NY CITY CENTRAL PARK, NY US",2017-09-28,5.82,0,0,0,79,59
USW00094728,"NY CITY CENTRAL PARK, NY US",2017-09-29,2.46,0,0,0,68,55
USW00094728,"NY CITY CENTRAL PARK, NY US",2017-09-30,6.26,0,0,0,66,54
USW00094728,"NY CITY CENTRAL PARK, NY US",2017-10-01,2.91,0,0,0,68,50
USW00094728,"NY CITY CENTRAL PARK, NY US",2017-10-02,2.46,0,0,0,73,52
USW00094728,"NY CITY CENTRAL PARK, NY US",2017-10-03,3.13,0,0,0,71,57
USW00094728,"NY CITY CENTRAL PARK, NY US",2017-10-04,4.92,0,0,0,75,56
USW00094728,"NY CITY CENTRAL PARK, NY US",2017-10-05,4.92,0,0,0,83,65
USW00094728,"NY CITY CENTRAL PARK, NY US",2017-10-06,2.46,0,0,0,82,68
USW00094728,"NY CITY CENTRAL PARK, NY US",2017-10-07,4.03,0,0,0,81,66
USW00094728,"NY CITY CENTRAL PARK, NY US",2017-10-08,4.92,0.22,0,0,77,72
USW00094728,"NY CITY CENTRAL PARK, NY US",2017-10-09,4.92,0.26,0,0,77,71
USW00094728,"NY CITY CENTRAL PARK, NY US",2017-10-10,2.91,0,0,0,81,66
USW00094728,"NY CITY CENTRAL PARK, NY US",2017-10-11,5.82,0.06,0,0,77,60
USW00094728,"NY CITY CENTRAL PARK, NY US",2017-10-12,8.72,0.07,0,0,64,55
USW00094728,"NY CITY CENTRAL PARK, NY US",2017-10-13,6.04,0,0,0,67,52
USW00094728,"NY CITY CENTRAL PARK, NY US",2017-10-14,2.46,0.08,0,0,72,61
USW00094728,"NY CITY CENTRAL PARK, NY US",2017-10-15,4.25,0,0,0,74,65
USW00094728,"NY CITY CENTRAL PARK, NY US",2017-10-16,6.71,0.01,0,0,69,46
USW00094728,"NY CITY CENTRAL PARK, NY US",2017-10-17,4.03,0,0,0,58,42
USW00094728,"NY CITY CENTRAL PARK, NY US",2017-10-18,3.8,0,0,0,72,50
USW00094728,"NY CITY CENTRAL PARK, NY US",2017-10-19,4.47,0,0,0,71,56
USW00094728,"NY CITY CENTRAL PARK, NY US",2017-10-20,4.03,0,0,0,73,57
USW00094728,"NY CITY CENTRAL PARK, NY US",2017-10-21,2.24,0,0,0,78,56
USW00094728,"NY CITY CENTRAL PARK, NY US",2017-10-22,1.57,0,0,0,76,57
USW00094728,"NY CITY CENTRAL PARK, NY US",2017-10-23,3.58,0,0,0,74,61
USW00094728,"NY CITY CENTRAL PARK, NY US",2017-10-24,5.59,0.2,0,0,74,67
USW00094728,"NY CITY CENTRAL PARK, NY US",2017-10-25,2.01,0,0,0,67,57
USW00094728,"NY CITY CENTRAL PARK, NY US",2017-10-26,6.04,0,0,0,58,50
USW00094728,"NY CITY CENTRAL PARK, NY US",2017-10-27,3.8,0,0,0,62,47
USW00094728,"NY CITY CENTRAL PARK, NY US",2017-10-28,4.92,0,0,0,69,55
USW00094728,"NY CITY CENTRAL PARK, NY US",2017-10-29,6.71,3.03,0,0,67,60
USW00094728,"NY CITY CENTRAL PARK, NY US",2017-10-30,8.72,0.25,0,0,61,46
USW00094728,"NY CITY CENTRAL PARK, NY US",2017-10-31,5.82,0,0,0,57,45
USW00094728,"NY CITY CENTRAL PARK, NY US",2017-11-01,2.46,0,0,0,59,43
USW00094728,"NY CITY CENTRAL PARK, NY US",2017-11-02,2.46,0,0,0,72,58
USW00094728,"NY CITY CENTRAL PARK, NY US",2017-11-03,5.59,0,0,0,74,51
USW00094728,"NY CITY CENTRAL PARK, NY US",2017-11-04,5.82,0,0,0,56,46
USW00094728,"NY CITY CENTRAL PARK, NY US",2017-11-05,4.25,0.02,0,0,61,51
USW00094728,"NY CITY CENTRAL PARK, NY US",2017-11-06,4.92,0.01,0,0,66,46
USW00094728,"NY CITY CENTRAL PARK, NY US",2017-11-07,6.49,0.7,0,0,49,40
USW00094728,"NY CITY CENTRAL PARK, NY US",2017-11-08,5.37,0,0,0,49,39
USW00094728,"NY CITY CENTRAL PARK, NY US",2017-11-09,3.36,0,0,0,55,39
USW00094728,"NY CITY CENTRAL PARK, NY US",2017-11-10,9.4,0.01,0,0,51,25
USW00094728,"NY CITY CENTRAL PARK, NY US",2017-11-11,4.7,0,0,0,38,24
USW00094728,"NY CITY CENTRAL PARK, NY US",2017-11-12,1.79,0,0,0,46,32
USW00094728,"NY CITY CENTRAL PARK, NY US",2017-11-13,3.58,0.07,0,0,47,39
USW00094728,"NY CITY CENTRAL PARK, NY US",2017-11-14,4.92,0,0,0,48,35
USW00094728,"NY CITY CENTRAL PARK, NY US",2017-11-15,5.14,0,0,0,51,37
USW00094728,"NY CITY CENTRAL PARK, NY US",2017-11-16,6.49,0.2,0,0,57,43
USW00094728,"NY CITY CENTRAL PARK, NY US",2017-11-17,7.83,0,0,0,47,37
USW00094728,"NY CITY CENTRAL PARK, NY US",2017-11-18,3.36,0.1,0,0,56,34
USW00094728,"NY CITY CENTRAL PARK, NY US",2017-11-19,9.62,0.23,0,0,59,38
USW00094728,"NY CITY CENTRAL PARK, NY US",2017-11-20,6.71,0,0,0,47,36
USW00094728,"NY CITY CENTRAL PARK, NY US",2017-11-21,5.14,0,0,0,58,42
USW00094728,"NY CITY CENTRAL PARK, NY US",2017-11-22,6.71,0.21,0,0,56,35
USW00094728,"NY CITY CENTRAL PARK, NY US",2017-11-23,4.7,0,0,0,43,31
USW00094728,"NY CITY CENTRAL PARK, NY US",2017-11-24,3.8,0,0,0,50,35
USW00094728,"NY CITY CENTRAL PARK, NY US",2017-11-25,4.03,0,0,0,57,43
USW00094728,"NY CITY CENTRAL PARK, NY US",2017-11-26,6.71,0,0,0,51,40
USW00094728,"NY CITY CENTRAL PARK, NY US",2017-11-27,6.49,0,0,0,51,39
USW00094728,"NY CITY CENTRAL PARK, NY US",2017-11-28,4.47,0,0,0,54,36
USW00094728,"NY CITY CENTRAL PARK, NY US",2017-11-29,5.37,0,0,0,63,42
USW00094728,"NY CITY CENTRAL PARK, NY US",2017-11-30,4.47,0.03,0,0,53,38
USW00094728,"NY CITY CENTRAL PARK, NY US",2017-12-01,5.37,0,0,0,52,42
USW00094728,"NY CITY CENTRAL PARK, NY US",2017-12-02,3.13,0,0,0,48,39
USW00094728,"NY CITY CENTRAL PARK, NY US",2017-12-03,2.01,0,0,0,48,42
USW00094728,"NY CITY CENTRAL PARK, NY US",2017-12-04,3.58,0,0,0,51,40
USW00094728,"NY CITY CENTRAL PARK, NY US",2017-12-05,6.71,0.75,0,0,61,50
USW00094728,"NY CITY CENTRAL PARK, NY US",2017-12-06,7.61,0,0,0,59,40
USW00094728,"NY CITY CENTRAL PARK, NY US",2017-12-07,6.71,0,0,0,44,37
USW00094728,"NY CITY CENTRAL PARK, NY US",2017-12-08,4.92,0,0,0,39,34
USW00094728,"NY CITY CENTRAL PARK, NY US",2017-12-09,4.25,0.46,4.6,0,35,30
USW00094728,"NY CITY CENTRAL PARK, NY US",2017-12-10,6.49,0,0,3.9,39,29
USW00094728,"NY CITY CENTRAL PARK, NY US",2017-12-11,5.37,0,0,2,41,33
USW00094728,"NY CITY CENTRAL PARK, NY US",2017-12-12,7.38,0,0,0,50,29
USW00094728,"NY CITY CENTRAL PARK, NY US",2017-12-13,10.74,0,0,0,31,20
USW00094728,"NY CITY CENTRAL PARK, NY US",2017-12-14,5.82,0.09,1.2,1.2,32,22
USW00094728,"NY CITY CENTRAL PARK, NY US",2017-12-15,3.8,0.11,1.2,1.2,28,20
USW00094728,"NY CITY CENTRAL PARK, NY US",2017-12-16,6.71,0,0,2,39,23
USW00094728,"NY CITY CENTRAL PARK, NY US",2017-12-17,2.91,0,0,1.2,38,32
USW00094728,"NY CITY CENTRAL PARK, NY US",2017-12-18,4.92,0.02,0,0,47,34
USW00094728,"NY CITY CENTRAL PARK, NY US",2017-12-19,7.61,0,0,0,55,45
USW00094728,"NY CITY CENTRAL PARK, NY US",2017-12-20,7.38,0,0,0,51,34
USW00094728,"NY CITY CENTRAL PARK, NY US",2017-12-21,4.03,0,0,0,39,32
USW00094728,"NY CITY CENTRAL PARK, NY US",2017-12-22,4.03,0,0,0,50,35
USW00094728,"NY CITY CENTRAL PARK, NY US",2017-12-23,4.92,0.49,0,0,48,38
USW00094728,"NY CITY CENTRAL PARK, NY US",2017-12-24,7.83,0.01,0,0,41,36
USW00094728,"NY CITY CENTRAL PARK, NY US",2017-12-25,10.96,0.23,0,0,38,28
USW00094728,"NY CITY CENTRAL PARK, NY US",2017-12-26,8.72,0,0,0,28,23
USW00094728,"NY CITY CENTRAL PARK, NY US",2017-12-27,6.26,0,0,0,24,17
USW00094728,"NY CITY CENTRAL PARK, NY US",2017-12-28,8.05,0,0,0,18,11
USW00094728,"NY CITY CENTRAL PARK, NY US",2017-12-29,6.71,0,0,0,22,11
USW00094728,"NY CITY CENTRAL PARK, NY US",2017-12-30,5.37,0.05,0.7,0,23,17
USW00094728,"NY CITY CENTRAL PARK, NY US",2017-12-31,9.17,0,0,0,21,9
USW00094728,"NY CITY CENTRAL PARK, NY US",2018-01-01,7.83,0,0,0,19,7
USW00094728,"NY CITY CENTRAL PARK, NY US",2018-01-02,8.05,0,0,0,26,13
USW00094728,"NY CITY CENTRAL PARK, NY US",2018-01-03,3.13,0,0,0,30,16
USW00094728,"NY CITY CENTRAL PARK, NY US",2018-01-04,12.53,0.76,9.8,1.2,29,19
USW00094728,"NY CITY CENTRAL PARK, NY US",2018-01-05,12.97,0,0,7.1,19,9
USW00094728,"NY CITY CENTRAL PARK, NY US",2018-01-06,10.96,0,0,5.9,13,6
USW00094728,"NY CITY CENTRAL PARK, NY US",2018-01-07,6.49,0,0,5.9,18,5
USW00094728,"NY CITY CENTRAL PARK, NY US",2018-01-08,5.82,0.01,0,5.1,31,17
USW00094728,"NY CITY CENTRAL PARK, NY US",2018-01-09,6.71,0,0,5.1,44,30
USW00094728,"NY CITY CENTRAL PARK, NY US",2018-01-10,4.25,0,0,3.9,43,30
USW00094728,"NY CITY CENTRAL PARK, NY US",2018-01-11,3.13,0,0,3.1,53,41
USW00094728,"NY CITY CENTRAL PARK, NY US",2018-01-12,6.93,0.54,0,0,61,44
USW00094728,"NY CITY CENTRAL PARK, NY US",2018-01-13,9.62,0.05,0,0,58,19
USW00094728,"NY CITY CENTRAL PARK, NY US",2018-01-14,8.05,0,0,0,25,15
USW00094728,"NY CITY CENTRAL PARK, NY US",2018-01-15,8.05,0,0,0,30,16
USW00094728,"NY CITY CENTRAL PARK, NY US",2018-01-16,4.03,0,0,0,36,25
USW00094728,"NY CITY CENTRAL PARK, NY US",2018-01-17,6.04,0.19,0.4,0,36,22
USW00094728,"NY CITY CENTRAL PARK, NY US",2018-01-18,7.83,0,0,0,32,18
USW00094728,"NY CITY CENTRAL PARK, NY US",2018-01-19,5.37,0,0,0,41,24
USW00094728,"NY CITY CENTRAL PARK, NY US",2018-01-20,8.5,0,0,0,52,38
USW00094728,"NY CITY CENTRAL PARK, NY US",2018-01-21,2.91,0,0,0,50,42
USW00094728,"NY CITY CENTRAL PARK, NY US",2018-01-22,5.37,0.01,0,0,49,38
USW00094728,"NY CITY CENTRAL PARK, NY US",2018-01-23,6.26,0.3,0,0,60,38
USW00094728,"NY CITY CENTRAL PARK, NY US",2018-01-24,9.4,0,0,0,44,27
USW00094728,"NY CITY CENTRAL PARK, NY US",2018-01-25,6.71,0,0,0,34,23
USW00094728,"NY CITY CENTRAL PARK, NY US",2018-01-26,3.8,0,0,0,38,26
USW00094728,"NY CITY CENTRAL PARK, NY US",2018-01-27,6.49,0,0,0,56,35
USW00094728,"NY CITY CENTRAL PARK, NY US",2018-01-28,3.8,0.21,0,0,55,46
USW00094728,"NY CITY CENTRAL PARK, NY US",2018-01-29,9.17,0,0.1,0,47,35
USW00094728,"NY CITY CENTRAL PARK, NY US",2018-01-30,7.61,0.11,0.9,0,36,24
USW00094728,"NY CITY CENTRAL PARK, NY US",2018-01-31,6.71,0,0,0,33,18
USW00094728,"NY CITY CENTRAL PARK, NY US",2018-02-01,3.8,0.05,0,0,45,32
USW00094728,"NY CITY CENTRAL PARK, NY US",2018-02-02,9.17,0.18,0,0,41,17
USW00094728,"NY CITY CENTRAL PARK, NY US",2018-02-03,7.61,0,0,0,31,16
USW00094728,"NY CITY CENTRAL PARK, NY US",2018-02-04,4.03,0.96,0,0,46,30
USW00094728,"NY CITY CENTRAL PARK, NY US",2018-02-05,7.61,0,0,0,40,26
USW00094728,"NY CITY CENTRAL PARK, NY US",2018-02-06,4.03,0,0,0,37,26
USW00094728,"NY CITY CENTRAL PARK, NY US",2018-02-07,6.71,0.85,0.5,0,45,30
USW00094728,"NY CITY CENTRAL PARK, NY US",2018-02-08,6.71,0,0,0,33,25
USW00094728,"NY CITY CENTRAL PARK, NY US",2018-02-09,4.92,0,0,0,39,26
USW00094728,"NY CITY CENTRAL PARK, NY US",2018-02-10,2.24,0.58,0,0,50,39
USW00094728,"NY CITY CENTRAL PARK, NY US",2018-02-11,3.13,1.21,0,0,62,45
USW00094728,"NY CITY CENTRAL PARK, NY US",2018-02-12,7.16,0,0,0,62,32
USW00094728,"NY CITY CENTRAL PARK, NY US",2018-02-13,5.59,0,0,0,38,26
USW00094728,"NY CITY CENTRAL PARK, NY US",2018-02-14,5.37,0.08,0,0,53,35
USW00094728,"NY CITY CENTRAL PARK, NY US",2018-02-15,5.14,0.16,0,0,62,46
USW00094728,"NY CITY CENTRAL PARK, NY US",2018-02-16,6.93,0.09,0,0,58,36
USW00094728,"NY CITY CENTRAL PARK, NY US",2018-02-17,4.47,0.52,4.4,0,40,28
USW00094728,"NY CITY CENTRAL PARK, NY US",2018-02-18,5.82,0.01,0,3.1,44,33
USW00094728,"NY CITY CENTRAL PARK, NY US",2018-02-19,4.25,0.04,0,0,49,36
USW00094728,"NY CITY CENTRAL PARK, NY US",2018-02-20,6.04,0,0,0,67,47
USW00094728,"NY CITY CENTRAL PARK, NY US",2018-02-21,5.82,0.06,0,0,78,55
USW00094728,"NY CITY CENTRAL PARK, NY US",2018-02-22,8.28,0.17,0,0,59,37
USW00094728,"NY CITY CENTRAL PARK, NY US",2018-02-23,6.26,0.06,0,0,42,36
USW00094728,"NY CITY CENTRAL PARK, NY US",2018-02-24,5.37,0.08,0,0,55,42
USW00094728,"NY CITY CENTRAL PARK, NY US",2018-02-25,6.26,0.73,0,0,44,40
USW00094728,"NY CITY CENTRAL PARK, NY US",2018-02-26,4.47,0,0,0,52,43
USW00094728,"NY CITY CENTRAL PARK, NY US",2018-02-27,4.47,0,0,0,56,39
USW00094728,"NY CITY CENTRAL PARK, NY US",2018-02-28,5.14,0,0,0,61,42
USW00094728,"NY CITY CENTRAL PARK, NY US",2018-03-01,5.14,0.38,0,0,60,44
USW00094728,"NY CITY CENTRAL PARK, NY US",2018-03-02,10.51,1.86,0,0,44,34
USW00094728,"NY CITY CENTRAL PARK, NY US",2018-03-03,11.18,0,0,0,49,36
USW00094728,"NY CITY CENTRAL PARK, NY US",2018-03-04,9.62,0,0,0,44,34
USW00094728,"NY CITY CENTRAL PARK, NY US",2018-03-05,7.16,0,0,0,43,33
USW00094728,"NY CITY CENTRAL PARK, NY US",2018-03-06,4.7,0,0,0,47,32
USW00094728,"NY CITY CENTRAL PARK, NY US",2018-03-07,10.07,1.41,3.2,0,39,33
USW00094728,"NY CITY CENTRAL PARK, NY US",2018-03-08,6.04,0,0,3.1,39,33
USW00094728,"NY CITY CENTRAL PARK, NY US",2018-03-09,7.83,0,0,2,42,30
USW00094728,"NY CITY CENTRAL PARK, NY US",2018-03-10,8.5,0,0,0,40,31
USW00094728,"NY CITY CENTRAL PARK, NY US",2018-03-11,5.37,0,0,0,45,32
USW00094728,"NY CITY CENTRAL PARK, NY US",2018-03-12,8.5,0.08,0,0,43,32
USW00094728,"NY CITY CENTRAL PARK, NY US",2018-03-13,8.5,0.28,0,0,40,33
USW00094728,"NY CITY CENTRAL PARK, NY US",2018-03-14,10.96,0.01,0,0,41,31
USW00094728,"NY CITY CENTRAL PARK, NY US",2018-03-15,10.07,0,0,0,48,32
USW00094728,"NY CITY CENTRAL PARK, NY US",2018-03-16,9.84,0,0,0,40,30
USW00094728,"NY CITY CENTRAL PARK, NY US",2018-03-17,7.61,0,0,0,48,27
USW00094728,"NY CITY CENTRAL PARK, NY US",2018-03-18,6.26,0,0,0,43,28
USW00094728,"NY CITY CENTRAL PARK, NY US",2018-03-19,5.82,0,0,0,47,33
USW00094728,"NY CITY CENTRAL PARK, NY US",2018-03-20,8.95,0,0,0,39,30
USW00094728,"NY CITY CENTRAL PARK, NY US",2018-03-21,10.74,0.99,8.2,0,39,31
USW00094728,"NY CITY CENTRAL PARK, NY US",2018-03-22,6.71,0.06,0.2,7.9,50,32
USW00094728,"NY CITY CENTRAL PARK, NY US",2018-03-23,5.59,0,0,1.2,49,35
USW00094728,"NY CITY CENTRAL PARK, NY US",2018-03-24,6.04,0,0,0,51,35
USW00094728,"NY CITY CENTRAL PARK, NY US",2018-03-25,8.28,0,0,0,45,33
USW00094728,"NY CITY CENTRAL PARK, NY US",2018-03-26,5.82,0,0,0,50,34
USW00094728,"NY CITY CENTRAL PARK, NY US",2018-03-27,3.36,0.01,0,0,47,34
USW00094728,"NY CITY CENTRAL PARK, NY US",2018-03-28,4.03,0.03,0,0,52,38
USW00094728,"NY CITY CENTRAL PARK, NY US",2018-03-29,2.91,0.03,0,0,53,49
USW00094728,"NY CITY CENTRAL PARK, NY US",2018-03-30,4.03,0.03,0,0,62,44
USW00094728,"NY CITY CENTRAL PARK, NY US",2018-03-31,6.49,0,0,0,58,39
USW00094728,"NY CITY CENTRAL PARK, NY US",2018-04-01,6.71,0,0,0,60,43
USW00094728,"NY CITY CENTRAL PARK, NY US",2018-04-02,5.82,0.59,5.5,5.1,43,33
USW00094728,"NY CITY CENTRAL PARK, NY US",2018-04-03,4.7,0.26,0,0,43,39
USW00094728,"NY CITY CENTRAL PARK, NY US",2018-04-04,8.5,0.04,0,0,56,40
USW00094728,"NY CITY CENTRAL PARK, NY US",2018-04-05,8.72,0,0,0,45,34
USW00094728,"NY CITY CENTRAL PARK, NY US",2018-04-06,4.92,0.11,0,0,62,37
USW00094728,"NY CITY CENTRAL PARK, NY US",2018-04-07,7.38,0,0,0,49,37
USW00094728,"NY CITY CENTRAL PARK, NY US",2018-04-08,8.5,0,0,0,46,32
USW00094728,"NY CITY CENTRAL PARK, NY US",2018-04-09,5.37,0,0,0,49,32
USW00094728,"NY CITY CENTRAL PARK, NY US",2018-04-10,4.92,0.01,0,0,51,38
USW00094728,"NY CITY CENTRAL PARK, NY US",2018-04-11,3.8,0,0,0,51,37
USW00094728,"NY CITY CENTRAL PARK, NY US",2018-04-12,5.59,0,0,0,63,46
USW00094728,"NY CITY CENTRAL PARK, NY US",2018-04-13,5.59,0,0,0,82,60
USW00094728,"NY CITY CENTRAL PARK, NY US",2018-04-14,7.38,0,0,0,77,44
USW00094728,"NY CITY CENTRAL PARK, NY US",2018-04-15,12.3,0.47,0,0,44,38
USW00094728,"NY CITY CENTRAL PARK, NY US",2018-04-16,11.41,2.82,0,0,60,39
USW00094728,"NY CITY CENTRAL PARK, NY US",2018-04-17,8.5,0,0,0,47,39
USW00094728,"NY CITY CENTRAL PARK, NY US",2018-04-18,6.49,0,0,0,55,37
USW00094728,"NY CITY CENTRAL PARK, NY US",2018-04-19,7.61,0.15,0,0,49,38
USW00094728,"NY CITY CENTRAL PARK, NY US",2018-04-20,8.5,0,0,0,50,37
USW00094728,"NY CITY CENTRAL PARK, NY US",2018-04-21,5.82,0,0,0,63,39
USW00094728,"NY CITY CENTRAL PARK, NY US",2018-04-22,4.25,0,0,0,67,44
USW00094728,"NY CITY CENTRAL PARK, NY US",2018-04-23,4.47,0,0,0,68,46
USW00094728,"NY CITY CENTRAL PARK, NY US",2018-04-24,4.25,0.05,0,0,66,46
USW00094728,"NY CITY CENTRAL PARK, NY US",2018-04-25,3.8,0.95,0,0,60,52
USW00094728,"NY CITY CENTRAL PARK, NY US",2018-04-26,4.92,0.1,0,0,70,55
USW00094728,"NY CITY CENTRAL PARK, NY US",2018-04-27,2.46,0.05,0,0,59,51
USW00094728,"NY CITY CENTRAL PARK, NY US",2018-04-28,3.36,0.1,0,0,68,50
USW00094728,"NY CITY CENTRAL PARK, NY US",2018-04-29,5.82,0.08,0,0,59,47
USW00094728,"NY CITY CENTRAL PARK, NY US",2018-04-30,5.14,0,0,0,51,44
USW00094728,"NY CITY CENTRAL PARK, NY US",2018-05-01,4.25,0,0,0,80,48
USW00094728,"NY CITY CENTRAL PARK, NY US",2018-05-02,5.37,0,0,0,90,65
USW00094728,"NY CITY CENTRAL PARK, NY US",2018-05-03,5.37,0.02,0,0,92,70
USW00094728,"NY CITY CENTRAL PARK, NY US",2018-05-04,3.58,0,0,0,84,72
USW00094728,"NY CITY CENTRAL PARK, NY US",2018-05-05,4.92,0,0,0,76,61
USW00094728,"NY CITY CENTRAL PARK, NY US",2018-05-06,3.8,0,0,0,66,56
USW00094728,"NY CITY CENTRAL PARK, NY US",2018-05-07,2.01,0,0,0,77,54
USW00094728,"NY CITY CENTRAL PARK, NY US",2018-05-08,1.79,0,0,0,74,53
USW00094728,"NY CITY CENTRAL PARK, NY US",2018-05-09,2.24,0,0,0,77,54
USW00094728,"NY CITY CENTRAL PARK, NY US",2018-05-10,2.68,0.25,0,0,66,54
USW00094728,"NY CITY CENTRAL PARK, NY US",2018-05-11,3.58,0,0,0,73,60
USW00094728,"NY CITY CENTRAL PARK, NY US",2018-05-12,3.58,0.22,0,0,63,51
USW00094728,"NY CITY CENTRAL PARK, NY US",2018-05-13,2.46,0.1,0,0,54,52
USW00094728,"NY CITY CENTRAL PARK, NY US",2018-05-14,1.34,0.03,0,0,71,52
USW00094728,"NY CITY CENTRAL PARK, NY US",2018-05-15,2.68,0.58,0,0,88,61
USW00094728,"NY CITY CENTRAL PARK, NY US",2018-05-16,2.46,0.34,0,0,64,56
USW00094728,"NY CITY CENTRAL PARK, NY US",2018-05-17,1.12,0.22,0,0,71,56
USW00094728,"NY CITY CENTRAL PARK, NY US",2018-05-18,5.82,0,0,0,67,56
USW00094728,"NY CITY CENTRAL PARK, NY US",2018-05-19,4.03,0.65,0,0,56,49
USW00094728,"NY CITY CENTRAL PARK, NY US",2018-05-20,3.8,0,0,0,81,56
USW00094728,"NY CITY CENTRAL PARK, NY US",2018-05-21,2.46,0,0,0,79,58
USW00094728,"NY CITY CENTRAL PARK, NY US",2018-05-22,0.89,0.29,0,0,68,55
USW00094728,"NY CITY CENTRAL PARK, NY US",2018-05-23,2.46,0.29,0,0,81,59
USW00094728,"NY CITY CENTRAL PARK, NY US",2018-05-24,2.91,0,0,0,83,63
USW00094728,"NY CITY CENTRAL PARK, NY US",2018-05-25,5.14,0,0,0,86,65
USW00094728,"NY CITY CENTRAL PARK, NY US",2018-05-26,2.01,0,0,0,89,72
USW00094728,"NY CITY CENTRAL PARK, NY US",2018-05-27,8.28,0.44,0,0,80,56
USW00094728,"NY CITY CENTRAL PARK, NY US",2018-05-28,1.79,0,0,0,69,56
USW00094728,"NY CITY CENTRAL PARK, NY US",2018-05-29,1.12,0,0,0,89,63
USW00094728,"NY CITY CENTRAL PARK, NY US",2018-05-30,2.24,0,0,0,78,61
USW00094728,"NY CITY CENTRAL PARK, NY US",2018-05-31,2.01,0.1,0,0,68,63
USW00094728,"NY CITY CENTRAL PARK, NY US",2018-06-01,0.89,0.27,0,0,81,65
USW00094728,"NY CITY CENTRAL PARK, NY US",2018-06-02,3.8,0.08,0,0,87,66
USW00094728,"NY CITY CENTRAL PARK, NY US",2018-06-03,5.82,0.25,0,0,66,51
USW00094728,"NY CITY CENTRAL PARK, NY US",2018-06-04,3.8,0.16,0,0,71,51
USW00094728,"NY CITY CENTRAL PARK, NY US",2018-06-05,3.8,0,0,0,75,58
USW00094728,"NY CITY CENTRAL PARK, NY US",2018-06-06,2.68,0,0,0,71,58
USW00094728,"NY CITY CENTRAL PARK, NY US",2018-06-07,2.46,0,0,0,71,60
USW00094728,"NY CITY CENTRAL PARK, NY US",2018-06-08,2.91,0,0,0,82,60
USW00094728,"NY CITY CENTRAL PARK, NY US",2018-06-09,1.79,0,0,0,83,67
USW00094728,"NY CITY CENTRAL PARK, NY US",2018-06-10,1.12,0.01,0,0,73,58
USW00094728,"NY CITY CENTRAL PARK, NY US",2018-06-11,3.13,0,0,0,73,58
USW00094728,"NY CITY CENTRAL PARK, NY US",2018-06-12,3.36,0,0,0,75,57
USW00094728,"NY CITY CENTRAL PARK, NY US",2018-06-13,3.58,0.04,0,0,78,63
USW00094728,"NY CITY CENTRAL PARK, NY US",2018-06-14,6.93,0,0,0,84,67
USW00094728,"NY CITY CENTRAL PARK, NY US",2018-06-15,3.13,0,0,0,76,63
USW00094728,"NY CITY CENTRAL PARK, NY US",2018-06-16,2.24,0,0,0,85,64
USW00094728,"NY CITY CENTRAL PARK, NY US",2018-06-17,1.79,0,0,0,91,66
USW00094728,"NY CITY CENTRAL PARK, NY US",2018-06-18,5.59,0.08,0,0,91,73
USW00094728,"NY CITY CENTRAL PARK, NY US",2018-06-19,3.8,0.07,0,0,88,75
USW00094728,"NY CITY CENTRAL PARK, NY US",2018-06-20,1.57,0.09,0,0,83,69
USW00094728,"NY CITY CENTRAL PARK, NY US",2018-06-21,2.01,0.59,0,0,83,65
USW00094728,"NY CITY CENTRAL PARK, NY US",2018-06-22,4.7,0.1,0,0,75,62
USW00094728,"NY CITY CENTRAL PARK, NY US",2018-06-23,4.92,0,0,0,66,62
USW00094728,"NY CITY CENTRAL PARK, NY US",2018-06-24,2.24,0,0,0,84,66
USW00094728,"NY CITY CENTRAL PARK, NY US",2018-06-25,4.92,0,0,0,81,67
USW00094728,"NY CITY CENTRAL PARK, NY US",2018-06-26,3.8,0,0,0,78,61
USW00094728,"NY CITY CENTRAL PARK, NY US",2018-06-27,3.58,0.01,0,0,73,66
USW00094728,"NY CITY CENTRAL PARK, NY US",2018-06-28,2.91,1.36,0,0,83,70
USW00094728,"NY CITY CENTRAL PARK, NY US",2018-06-29,2.68,0,0,0,89,70
USW00094728,"NY CITY CENTRAL PARK, NY US",2018-06-30,2.24,0,0,0,93,72
USW00094728,"NY CITY CENTRAL PARK, NY US",2018-07-01,2.91,0,0,0,96,79
USW00094728,"NY CITY CENTRAL PARK, NY US",2018-07-02,2.01,0,0,0,95,79
USW00094728,"NY CITY CENTRAL PARK, NY US",2018-07-03,1.12,0.01,0,0,92,77
USW00094728,"NY CITY CENTRAL PARK, NY US",2018-07-04,1.12,0,0,0,86,77
USW00094728,"NY CITY CENTRAL PARK, NY US",2018-07-05,2.91,0,0,0,90,76
USW00094728,"NY CITY CENTRAL PARK, NY US",2018-07-06,4.03,0.23,0,0,80,69
USW00094728,"NY CITY CENTRAL PARK, NY US",2018-07-07,5.37,0,0,0,78,62
USW00094728,"NY CITY CENTRAL PARK, NY US",2018-07-08,2.01,0,0,0,84,62
USW00094728,"NY CITY CENTRAL PARK, NY US",2018-07-09,2.68,0,0,0,87,67
USW00094728,"NY CITY CENTRAL PARK, NY US",2018-07-10,3.8,0,0,0,93,72
USW00094728,"NY CITY CENTRAL PARK, NY US",2018-07-11,2.68,0,0,0,88,74
USW00094728,"NY CITY CENTRAL PARK, NY US",2018-07-12,1.34,0.71,0,0,84,64
USW00094728,"NY CITY CENTRAL PARK, NY US",2018-07-13,2.01,0,0,0,84,68
USW00094728,"NY CITY CENTRAL PARK, NY US",2018-07-14,3.58,0.36,0,0,88,70
USW00094728,"NY CITY CENTRAL PARK, NY US",2018-07-15,3.36,0.64,0,0,83,69
USW00094728,"NY CITY CENTRAL PARK, NY US",2018-07-16,2.24,0,0,0,90,75
USW00094728,"NY CITY CENTRAL PARK, NY US",2018-07-17,2.68,2.24,0,0,88,70
USW00094728,"NY CITY CENTRAL PARK, NY US",2018-07-18,3.36,0,0,0,85,66
USW00094728,"NY CITY CENTRAL PARK, NY US",2018-07-19,2.24,0,0,0,83,66
USW00094728,"NY CITY CENTRAL PARK, NY US",2018-07-20,2.01,0,0,0,82,69
USW00094728,"NY CITY CENTRAL PARK, NY US",2018-07-21,5.82,0.63,0,0,79,65
USW00094728,"NY CITY CENTRAL PARK, NY US",2018-07-22,3.36,1.06,0,0,79,70
USW00094728,"NY CITY CENTRAL PARK, NY US",2018-07-23,4.47,0.17,0,0,80,73
USW00094728,"NY CITY CENTRAL PARK, NY US",2018-07-24,5.14,0.02,0,0,82,75
USW00094728,"NY CITY CENTRAL PARK, NY US",2018-07-25,3.8,0.73,0,0,77,72
USW00094728,"NY CITY CENTRAL PARK, NY US",2018-07-26,3.36,0.03,0,0,85,72
USW00094728,"NY CITY CENTRAL PARK, NY US",2018-07-27,2.46,0.25,0,0,86,68
USW00094728,"NY CITY CENTRAL PARK, NY US",2018-07-28,1.12,0,0,0,85,70
USW00094728,"NY CITY CENTRAL PARK, NY US",2018-07-29,2.01,0,0,0,82,70
USW00094728,"NY CITY CENTRAL PARK, NY US",2018-07-30,1.34,0.37,0,0,78,68
USW00094728,"NY CITY CENTRAL PARK, NY US",2018-07-31,1.57,0,0,0,82,68
USW00094728,"NY CITY CENTRAL PARK, NY US",2018-08-01,2.46,0.1,0,0,84,74
USW00094728,"NY CITY CENTRAL PARK, NY US",2018-08-02,2.68,0.51,0,0,86,76
USW00094728,"NY CITY CENTRAL PARK, NY US",2018-08-03,2.24,0.24,0,0,85,73
USW00094728,"NY CITY CENTRAL PARK, NY US",2018-08-04,2.68,0.74,0,0,84,72
USW00094728,"NY CITY CENTRAL PARK, NY US",2018-08-05,1.12,0,0,0,91,73
USW00094728,"NY CITY CENTRAL PARK, NY US",2018-08-06,2.01,0,0,0,92,77
USW00094728,"NY CITY CENTRAL PARK, NY US",2018-08-07,3.8,0.05,0,0,90,74
USW00094728,"NY CITY CENTRAL PARK, NY US",2018-08-08,1.57,0,0,0,90,76
USW00094728,"NY CITY CENTRAL PARK, NY US",2018-08-09,2.91,0.61,0,0,86,73
USW00094728,"NY CITY CENTRAL PARK, NY US",2018-08-10,1.34,0,0,0,86,72
USW00094728,"NY CITY CENTRAL PARK, NY US",2018-08-11,2.01,2.9,0,0,80,70
USW00094728,"NY CITY CENTRAL PARK, NY US",2018-08-12,2.91,0,0,0,84,72
USW00094728,"NY CITY CENTRAL PARK, NY US",2018-08-13,3.36,0.66,0,0,75,71
USW00094728,"NY CITY CENTRAL PARK, NY US",2018-08-14,2.91,0.79,0,0,82,71
USW00094728,"NY CITY CENTRAL PARK, NY US",2018-08-15,4.25,0,0,0,86,70
USW00094728,"NY CITY CENTRAL PARK, NY US",2018-08-16,2.91,0,0,0,88,76
USW00094728,"NY CITY CENTRAL PARK, NY US",2018-08-17,2.91,1.04,0,0,87,72
USW00094728,"NY CITY CENTRAL PARK, NY US",2018-08-18,3.8,0.07,0,0,85,71
USW00094728,"NY CITY CENTRAL PARK, NY US",2018-08-19,4.7,0.02,0,0,72,67
USW00094728,"NY CITY CENTRAL PARK, NY US",2018-08-20,2.68,0,0,0,74,67
USW00094728,"NY CITY CENTRAL PARK, NY US",2018-08-21,3.58,0.11,0,0,79,66
USW00094728,"NY CITY CENTRAL PARK, NY US",2018-08-22,4.03,0.72,0,0,82,71
USW00094728,"NY CITY CENTRAL PARK, NY US",2018-08-23,3.8,0,0,0,77,65
USW00094728,"NY CITY CENTRAL PARK, NY US",2018-08-24,1.12,0,0,0,82,65
USW00094728,"NY CITY CENTRAL PARK, NY US",2018-08-25,1.79,0,0,0,80,68
USW00094728,"NY CITY CENTRAL PARK, NY US",2018-08-26,3.36,0,0,0,83,69
USW00094728,"NY CITY CENTRAL PARK, NY US",2018-08-27,2.46,0,0,0,88,74
USW00094728,"NY CITY CENTRAL PARK, NY US",2018-08-28,3.8,0,0,0,94,79
USW00094728,"NY CITY CENTRAL PARK, NY US",2018-08-29,4.92,0,0,0,92,81
USW00094728,"NY CITY CENTRAL PARK, NY US",2018-08-30,4.47,0,0,0,90,78
USW00094728,"NY CITY CENTRAL PARK, NY US",2018-08-31,3.8,0.03,0,0,78,69
USW00094728,"NY CITY CENTRAL PARK, NY US",2018-09-01,2.46,0,0,0,78,69
USW00094728,"NY CITY CENTRAL PARK, NY US",2018-09-02,2.01,0,0,0,81,68
USW00094728,"NY CITY CENTRAL PARK, NY US",2018-09-03,2.68,0,0,0,90,75
USW00094728,"NY CITY CENTRAL PARK, NY US",2018-09-04,2.01,0,0,0,92,77
USW00094728,"NY CITY CENTRAL PARK, NY US",2018-09-05,1.34,0,0,0,89,77
USW00094728,"NY CITY CENTRAL PARK, NY US",2018-09-06,2.91,0.36,0,0,93,73
USW00094728,"NY CITY CENTRAL PARK, NY US",2018-09-07,6.26,0,0,0,75,69
USW00094728,"NY CITY CENTRAL PARK, NY US",2018-09-08,6.26,0.02,0,0,71,61
USW00094728,"NY CITY CENTRAL PARK, NY US",2018-09-09,6.04,0.45,0,0,62,55
USW00094728,"NY CITY CENTRAL PARK, NY US",2018-09-10,6.93,0.93,0,0,64,54
USW00094728,"NY CITY CENTRAL PARK, NY US",2018-09-11,1.34,0.02,0,0,74,62
USW00094728,"NY CITY CENTRAL PARK, NY US",2018-09-12,0.22,0.15,0,0,77,71
USW00094728,"NY CITY CENTRAL PARK, NY US",2018-09-13,,0.13,0,0,76,69
USW00094728,"NY CITY CENTRAL PARK, NY US",2018-09-14,,0,0,0,75,68
USW00094728,"NY CITY CENTRAL PARK, NY US",2018-09-15,,0,0,0,80,67
USW00094728,"NY CITY CENTRAL PARK, NY US",2018-09-16,,0,0,0,84,67
USW00094728,"NY CITY CENTRAL PARK, NY US",2018-09-17,0,0.01,0,0,79,68
USW00094728,"NY CITY CENTRAL PARK, NY US",2018-09-18,2.01,1.19,0,0,79,70
USW00094728,"NY CITY CENTRAL PARK, NY US",2018-09-19,3.58,0,0,0,81,68
USW00094728,"NY CITY CENTRAL PARK, NY US",2018-09-20,2.46,0,0,0,72,65
USW00094728,"NY CITY CENTRAL PARK, NY US",2018-09-21,2.01,0,0,0,72,67
USW00094728,"NY CITY CENTRAL PARK, NY US",2018-09-22,5.14,0,0,0,74,62
USW00094728,"NY CITY CENTRAL PARK, NY US",2018-09-23,3.13,0,0,0,66,60
USW00094728,"NY CITY CENTRAL PARK, NY US",2018-09-24,7.16,0,0,0,69,57
USW00094728,"NY CITY CENTRAL PARK, NY US",2018-09-25,3.36,1.95,0,0,73,59
USW00094728,"NY CITY CENTRAL PARK, NY US",2018-09-26,1.79,0.21,0,0,82,69
USW00094728,"NY CITY CENTRAL PARK, NY US",2018-09-27,4.25,0,0,0,72,61
USW00094728,"NY CITY CENTRAL PARK, NY US",2018-09-28,3.8,0.77,0,0,65,56
USW00094728,"NY CITY CENTRAL PARK, NY US",2018-09-29,2.46,0,0,0,72,58
USW00094728,"NY CITY CENTRAL PARK, NY US",2018-09-30,2.46,0,0,0,70,54
USW00094728,"NY CITY CENTRAL PARK, NY US",2018-10-01,2.01,0,0,0,76,63
USW00094728,"NY CITY CENTRAL PARK, NY US",2018-10-02,2.01,0.69,0,0,77,65
USW00094728,"NY CITY CENTRAL PARK, NY US",2018-10-03,2.46,0,0,0,74,63
USW00094728,"NY CITY CENTRAL PARK, NY US",2018-10-04,0.89,0.04,0,0,76,61
USW00094728,"NY CITY CENTRAL PARK, NY US",2018-10-05,3.58,0,0,0,71,60
USW00094728,"NY CITY CENTRAL PARK, NY US",2018-10-06,1.12,0,0,0,68,63
USW00094728,"NY CITY CENTRAL PARK, NY US",2018-10-07,2.46,0,0,0,79,67
USW00094728,"NY CITY CENTRAL PARK, NY US",2018-10-08,4.03,0,0,0,74,64
USW00094728,"NY CITY CENTRAL PARK, NY US",2018-10-09,0.67,0,0,0,77,66
USW00094728,"NY CITY CENTRAL PARK, NY US",2018-10-10,2.68,0,0,0,80,71
USW00094728,"NY CITY CENTRAL PARK, NY US",2018-10-11,1.34,0.84,0,0,77,69
USW00094728,"NY CITY CENTRAL PARK, NY US",2018-10-12,5.82,0.43,0,0,68,51
USW00094728,"NY CITY CENTRAL PARK, NY US",2018-10-13,,0.1,0,0,55,46
USW00094728,"NY CITY CENTRAL PARK, NY US",2018-10-14,,0,0,0,58,47
USW00094728,"NY CITY CENTRAL PARK, NY US",2018-10-15,,0.05,0,0,68,52
USW00094728,"NY CITY CENTRAL PARK, NY US",2018-10-16,,0.01,0,0,60,47
USW00094728,"NY CITY CENTRAL PARK, NY US",2018-10-17,,0,0,0,61,46
USW00094728,"NY CITY CENTRAL PARK, NY US",2018-10-18,,0,0,0,50,42
USW00094728,"NY CITY CENTRAL PARK, NY US",2018-10-19,,0,0,0,60,43
USW00094728,"NY CITY CENTRAL PARK, NY US",2018-10-20,,0.06,0,0,62,51
USW00094728,"NY CITY CENTRAL PARK, NY US",2018-10-21,,0,0,0,51,39
USW00094728,"NY CITY CENTRAL PARK, NY US",2018-10-22,,0,0,0,50,39
USW00094728,"NY CITY CENTRAL PARK, NY US",2018-10-23,,0,0,0,63,49
USW00094728,"NY CITY CENTRAL PARK, NY US",2018-10-24,,0,0,0,54,44
USW00094728,"NY CITY CENTRAL PARK, NY US",2018-10-25,,0,0,0,51,40
USW00094728,"NY CITY CENTRAL PARK, NY US",2018-10-26,,0,0,0,50,38
USW00094728,"NY CITY CENTRAL PARK, NY US",2018-10-27,,1.27,0,0,51,44
USW00094728,"NY CITY CENTRAL PARK, NY US",2018-10-28,,0.07,0,0,52,45
USW00094728,"NY CITY CENTRAL PARK, NY US",2018-10-29,,0.03,0,0,56,47
USW00094728,"NY CITY CENTRAL PARK, NY US",2018-10-30,,0,0,0,55,42
USW00094728,"NY CITY CENTRAL PARK, NY US",2018-10-31,,0,0,0,64,44
USW00094728,"NY CITY CENTRAL PARK, NY US",2018-11-01,,0,0,0,70,57
USW00094728,"NY CITY CENTRAL PARK, NY US",2018-11-02,,0.22,0,0,72,64
USW00094728,"NY CITY CENTRAL PARK, NY US",2018-11-03,,0.37,0,0,65,48
USW00094728,"NY CITY CENTRAL PARK, NY US",2018-11-04,,0,0,0,55,43
USW00094728,"NY CITY CENTRAL PARK, NY US",2018-11-05,,0.3,0,0,53,48
USW00094728,"NY CITY CENTRAL PARK, NY US",2018-11-06,,0.68,0,0,59,49
USW00094728,"NY CITY CENTRAL PARK, NY US",2018-11-07,,0,0,0,62,51
USW00094728,"NY CITY CENTRAL PARK, NY US",2018-11-08,,0,0,0,56,45
USW00094728,"NY CITY CENTRAL PARK, NY US",2018-11-09,,0.77,0,0,52,40
USW00094728,"NY CITY CENTRAL PARK, NY US",2018-11-10,,0.03,0,0,50,34
USW00094728,"NY CITY CENTRAL PARK, NY US",2018-11-11,,0,0,0,46,33
USW00094728,"NY CITY CENTRAL PARK, NY US",2018-11-12,,0.04,0,0,49,37
USW00094728,"NY CITY CENTRAL PARK, NY US",2018-11-13,,1.06,0,0,50,43
USW00094728,"NY CITY CENTRAL PARK, NY US",2018-11-14,,0,0,0,43,32
USW00094728,"NY CITY CENTRAL PARK, NY US",2018-11-15,,1.16,6.4,0,40,28
USW00094728,"NY CITY CENTRAL PARK, NY US",2018-11-16,,0.31,0,3.9,45,34
USW00094728,"NY CITY CENTRAL PARK, NY US",2018-11-17,,0,0,2,47,37
USW00094728,"NY CITY CENTRAL PARK, NY US",2018-11-18,,0,0,0,44,39
USW00094728,"NY CITY CENTRAL PARK, NY US",2018-11-19,,0,0,0,50,41
USW00094728,"NY CITY CENTRAL PARK, NY US",2018-11-20,,0,0,0,47,39
USW00094728,"NY CITY CENTRAL PARK, NY US",2018-11-21,,0,0,0,44,27
USW00094728,"NY CITY CENTRAL PARK, NY US",2018-11-22,,0,0,0,28,17
USW00094728,"NY CITY CENTRAL PARK, NY US",2018-11-23,,0,0,0,32,15
USW00094728,"NY CITY CENTRAL PARK, NY US",2018-11-24,,0.97,0,0,49,31
USW00094728,"NY CITY CENTRAL PARK, NY US",2018-11-25,,0.81,0,0,55,45
USW00094728,"NY CITY CENTRAL PARK, NY US",2018-11-26,,0.85,0,0,53,45
USW00094728,"NY CITY CENTRAL PARK, NY US",2018-11-27,,0.03,0,0,45,37
USW00094728,"NY CITY CENTRAL PARK, NY US",2018-11-28,,0,0,0,42,36
USW00094728,"NY CITY CENTRAL PARK, NY US",2018-11-29,,0,0,0,46,38
USW00094728,"NY CITY CENTRAL PARK, NY US",2018-11-30,,0.02,0,0,43,38
USW00094728,"NY CITY CENTRAL PARK, NY US",2018-12-01,,0.05,0,0,46,36
USW00094728,"NY CITY CENTRAL PARK, NY US",2018-12-02,,0.59,0,0,56,42
USW00094728,"NY CITY CENTRAL PARK, NY US",2018-12-03,,0,0,0,55,46
USW00094728,"NY CITY CENTRAL PARK, NY US",2018-12-04,,0,0,0,46,31
USW00094728,"NY CITY CENTRAL PARK, NY US",2018-12-05,,0,0,0,37,28
USW00094728,"NY CITY CENTRAL PARK, NY US",2018-12-06,,0,0,0,40,30
USW00094728,"NY CITY CENTRAL PARK, NY US",2018-12-07,,0,0,0,39,28
USW00094728,"NY CITY CENTRAL PARK, NY US",2018-12-08,,0,0,0,36,24
USW00094728,"NY CITY CENTRAL PARK, NY US",2018-12-09,,0,0,0,36,28
USW00094728,"NY CITY CENTRAL PARK, NY US",2018-12-10,,0,0,0,39,29
USW00094728,"NY CITY CENTRAL PARK, NY US",2018-12-11,,0,0,0,41,29
USW00094728,"NY CITY CENTRAL PARK, NY US",2018-12-12,,0,0,0,41,33
USW00094728,"NY CITY CENTRAL PARK, NY US",2018-12-13,,0.03,0,0,40,33
USW00094728,"NY CITY CENTRAL PARK, NY US",2018-12-14,,0.1,0,0,51,40
USW00094728,"NY CITY CENTRAL PARK, NY US",2018-12-15,,0.14,0,0,52,46
USW00094728,"NY CITY CENTRAL PARK, NY US",2018-12-16,,1.43,0,0,46,35
USW00094728,"NY CITY CENTRAL PARK, NY US",2018-12-17,,0.03,0,0,46,37
USW00094728,"NY CITY CENTRAL PARK, NY US",2018-12-18,,0,0,0,40,28
USW00094728,"NY CITY CENTRAL PARK, NY US",2018-12-19,,0,0,0,42,26
USW00094728,"NY CITY CENTRAL PARK, NY US",2018-12-20,,0.22,0,0,47,37
USW00094728,"NY CITY CENTRAL PARK, NY US",2018-12-21,,1.61,0,0,61,47
USW00094728,"NY CITY CENTRAL PARK, NY US",2018-12-22,,0.02,0,0,54,40
USW00094728,"NY CITY CENTRAL PARK, NY US",2018-12-23,,0,0,0,43,36
USW00094728,"NY CITY CENTRAL PARK, NY US",2019-03-12,8.95,0,0,0,44,34
USW00094728,"NY CITY CENTRAL PARK, NY US",2018-12-24,,0.12,0,0,43,36
USW00094728,"NY CITY CENTRAL PARK, NY US",2018-12-25,,0,0,0,40,33
USW00094728,"NY CITY CENTRAL PARK, NY US",2018-12-26,,0,0,0,43,32
USW00094728,"NY CITY CENTRAL PARK, NY US",2018-12-27,,0,0,0,44,37
USW00094728,"NY CITY CENTRAL PARK, NY US",2018-12-28,,1.15,0,0,60,43
USW00094728,"NY CITY CENTRAL PARK, NY US",2018-12-29,,0,0,0,57,39
USW00094728,"NY CITY CENTRAL PARK, NY US",2018-12-30,,0,0,0,40,33
USW00094728,"NY CITY CENTRAL PARK, NY US",2018-12-31,,1.02,0,0,48,36
USW00094728,"NY CITY CENTRAL PARK, NY US",2019-01-01,,0.06,0,0,58,39
USW00094728,"NY CITY CENTRAL PARK, NY US",2019-01-02,,0,0,0,40,35
USW00094728,"NY CITY CENTRAL PARK, NY US",2019-01-03,,0,0,0,44,37
USW00094728,"NY CITY CENTRAL PARK, NY US",2019-01-04,,0,0,0,47,35
USW00094728,"NY CITY CENTRAL PARK, NY US",2019-01-05,,0.5,0,0,47,41
USW00094728,"NY CITY CENTRAL PARK, NY US",2019-01-06,,0,0,0,49,31
USW00094728,"NY CITY CENTRAL PARK, NY US",2019-01-07,,0,0,0,34,25
USW00094728,"NY CITY CENTRAL PARK, NY US",2019-01-08,,0.17,0,0,45,34
USW00094728,"NY CITY CENTRAL PARK, NY US",2019-01-09,,0.06,0,0,45,34
USW00094728,"NY CITY CENTRAL PARK, NY US",2019-01-10,,0,0,0,34,28
USW00094728,"NY CITY CENTRAL PARK, NY US",2019-01-11,,0,0,0,30,21
USW00094728,"NY CITY CENTRAL PARK, NY US",2019-01-12,,0,0,0,34,20
USW00094728,"NY CITY CENTRAL PARK, NY US",2019-01-13,,0,0,0,33,25
USW00094728,"NY CITY CENTRAL PARK, NY US",2019-01-14,,0,0,0,32,22
USW00094728,"NY CITY CENTRAL PARK, NY US",2019-01-15,,0,0,0,36,25
USW00094728,"NY CITY CENTRAL PARK, NY US",2019-01-16,,0,0,0,39,30
USW00094728,"NY CITY CENTRAL PARK, NY US",2019-01-17,,0,0,0,33,24
USW00094728,"NY CITY CENTRAL PARK, NY US",2019-01-18,,0.05,0.5,1.2,39,29
USW00094728,"NY CITY CENTRAL PARK, NY US",2019-01-19,,0.29,0.2,0,37,32
USW00094728,"NY CITY CENTRAL PARK, NY US",2019-01-20,,0.88,0,0,42,14
USW00094728,"NY CITY CENTRAL PARK, NY US",2019-01-21,,0,0,0,14,4
USW00094728,"NY CITY CENTRAL PARK, NY US",2019-01-22,,0,0,0,31,13
USW00094728,"NY CITY CENTRAL PARK, NY US",2019-01-23,,0,0,0,52,31
USW00094728,"NY CITY CENTRAL PARK, NY US",2019-01-24,,1.33,0,0,59,35
USW00094728,"NY CITY CENTRAL PARK, NY US",2019-01-25,,0,0,0,40,28
USW00094728,"NY CITY CENTRAL PARK, NY US",2019-01-26,,0,0,0,35,24
USW00094728,"NY CITY CENTRAL PARK, NY US",2019-01-27,,0,0,0,49,32
USW00094728,"NY CITY CENTRAL PARK, NY US",2019-01-28,,0,0,0,38,25
USW00094728,"NY CITY CENTRAL PARK, NY US",2019-01-29,,0.23,0,0,43,25
USW00094728,"NY CITY CENTRAL PARK, NY US",2019-01-30,,0.01,0.4,0,35,6
USW00094728,"NY CITY CENTRAL PARK, NY US",2019-01-31,,0,0,0,16,2
USW00094728,"NY CITY CENTRAL PARK, NY US",2019-02-01,,0,0,0,21,11
USW00094728,"NY CITY CENTRAL PARK, NY US",2019-02-02,,0,0,0,34,16
USW00094728,"NY CITY CENTRAL PARK, NY US",2019-02-03,,0,0,0,53,33
USW00094728,"NY CITY CENTRAL PARK, NY US",2019-02-04,,0,0,0,61,41
USW00094728,"NY CITY CENTRAL PARK, NY US",2019-02-05,,0,0,0,65,44
USW00094728,"NY CITY CENTRAL PARK, NY US",2019-02-06,,0.45,0,0,46,35
USW00094728,"NY CITY CENTRAL PARK, NY US",2019-02-07,,0.07,0,0,44,39
USW00094728,"NY CITY CENTRAL PARK, NY US",2019-02-08,,0.37,0,0,55,32
USW00094728,"NY CITY CENTRAL PARK, NY US",2019-02-09,,0,0,0,32,23
USW00094728,"NY CITY CENTRAL PARK, NY US",2019-02-10,,0,0,0,35,23
USW00094728,"NY CITY CENTRAL PARK, NY US",2019-02-11,,0,0,0,38,30
USW00094728,"NY CITY CENTRAL PARK, NY US",2019-02-12,,0.75,1.2,0,36,26
USW00094728,"NY CITY CENTRAL PARK, NY US",2019-02-13,,0.08,0,1.2,41,33
USW00094728,"NY CITY CENTRAL PARK, NY US",2019-02-14,,0,0,0,46,33
USW00094728,"NY CITY CENTRAL PARK, NY US",2019-02-15,,0,0,0,59,42
USW00094728,"NY CITY CENTRAL PARK, NY US",2019-02-16,,0,0,0,47,32
USW00094728,"NY CITY CENTRAL PARK, NY US",2019-02-17,,0.04,0,0,38,26
USW00094728,"NY CITY CENTRAL PARK, NY US",2019-02-18,,0.09,0,0,42,26
USW00094728,"NY CITY CENTRAL PARK, NY US",2019-02-19,,0,0,0,36,23
USW00094728,"NY CITY CENTRAL PARK, NY US",2019-02-20,,0.57,1.3,0,33,26
USW00094728,"NY CITY CENTRAL PARK, NY US",2019-02-21,,0.1,0,1.2,52,33
USW00094728,"NY CITY CENTRAL PARK, NY US",2019-02-22,,0,0,0,44,36
USW00094728,"NY CITY CENTRAL PARK, NY US",2019-02-23,,0.01,0,0,42,32
USW00094728,"NY CITY CENTRAL PARK, NY US",2019-02-24,,0.58,0,0,47,36
USW00094728,"NY CITY CENTRAL PARK, NY US",2019-02-25,,0,0,0,43,28
USW00094728,"NY CITY CENTRAL PARK, NY US",2019-02-26,,0,0,0,36,25
USW00094728,"NY CITY CENTRAL PARK, NY US",2019-02-27,,0,0,0,31,23
USW00094728,"NY CITY CENTRAL PARK, NY US",2019-02-28,,0.03,0.1,0,37,27
USW00094728,"NY CITY CENTRAL PARK, NY US",2019-03-01,,0.11,1.4,1.2,35,26
USW00094728,"NY CITY CENTRAL PARK, NY US",2019-03-02,,0.53,4,3.9,41,31
USW00094728,"NY CITY CENTRAL PARK, NY US",2019-03-03,,0.52,3,1.2,42,33
USW00094728,"NY CITY CENTRAL PARK, NY US",2019-03-04,,0.29,2,3.9,38,28
USW00094728,"NY CITY CENTRAL PARK, NY US",2019-03-05,,0,0,2,32,20
USW00094728,"NY CITY CENTRAL PARK, NY US",2019-03-06,,0,0,1.2,26,19
USW00094728,"NY CITY CENTRAL PARK, NY US",2019-03-07,,0,0,1.2,32,18
USW00094728,"NY CITY CENTRAL PARK, NY US",2019-03-08,,0,0,0,39,24
USW00094728,"NY CITY CENTRAL PARK, NY US",2019-03-09,,0,0,0,49,34
USW00094728,"NY CITY CENTRAL PARK, NY US",2019-03-10,,0.54,0,0,43,35
USW00094728,"NY CITY CENTRAL PARK, NY US",2019-03-11,9.17,0,0,0,53,39
USW00094728,"NY CITY CENTRAL PARK, NY US",2019-03-13,2.46,0,0,0,49,32
USW00094728,"NY CITY CENTRAL PARK, NY US",2019-03-14,2.91,0,0,0,57,42
USW00094728,"NY CITY CENTRAL PARK, NY US",2019-03-15,2.24,0.39,0,0,75,49
USW00094728,"NY CITY CENTRAL PARK, NY US",2019-03-16,10.07,0,0,0,58,37
USW00094728,"NY CITY CENTRAL PARK, NY US",2019-03-17,6.26,0,0,0,45,34
USW00094728,"NY CITY CENTRAL PARK, NY US",2019-03-18,2.01,0,0,0,46,32
USW00094728,"NY CITY CENTRAL PARK, NY US",2019-03-19,3.13,0,0,0,51,35
USW00094728,"NY CITY CENTRAL PARK, NY US",2019-03-20,2.91,0,0,0,53,37
USW00094728,"NY CITY CENTRAL PARK, NY US",2019-03-21,7.83,0.75,0,0,46,41
USW00094728,"NY CITY CENTRAL PARK, NY US",2019-03-22,10.74,0.68,0,0,49,38
USW00094728,"NY CITY CENTRAL PARK, NY US",2019-03-23,9.84,0,0,0,48,35
USW00094728,"NY CITY CENTRAL PARK, NY US",2019-03-24,4.47,0,0,0,60,38
USW00094728,"NY CITY CENTRAL PARK, NY US",2019-03-25,4.25,0,0,0,56,42
USW00094728,"NY CITY CENTRAL PARK, NY US",2019-03-26,7.83,0,0,0,49,33
USW00094728,"NY CITY CENTRAL PARK, NY US",2019-03-27,4.03,0,0,0,47,34
USW00094728,"NY CITY CENTRAL PARK, NY US",2019-03-28,1.57,0,0,0,53,37
USW00094728,"NY CITY CENTRAL PARK, NY US",2019-03-29,2.01,0,0,0,59,49
USW00094728,"NY CITY CENTRAL PARK, NY US",2019-03-30,3.36,0,0,0,70,52
USW00094728,"NY CITY CENTRAL PARK, NY US",2019-03-31,5.82,0.06,0,0,65,39
USW00094728,"NY CITY CENTRAL PARK, NY US",2019-04-01,7.16,0,0,0,46,33
USW00094728,"NY CITY CENTRAL PARK, NY US",2019-04-02,4.47,0,0,0,52,39
USW00094728,"NY CITY CENTRAL PARK, NY US",2019-04-03,7.38,0,0,0,67,41
USW00094728,"NY CITY CENTRAL PARK, NY US",2019-04-04,6.71,0,0,0,60,44
USW00094728,"NY CITY CENTRAL PARK, NY US",2019-04-05,5.82,0.2,0,0,45,38
USW00094728,"NY CITY CENTRAL PARK, NY US",2019-04-06,3.36,0,0,0,68,39
USW00094728,"NY CITY CENTRAL PARK, NY US",2019-04-07,1.57,0,0,0,66,51
USW00094728,"NY CITY CENTRAL PARK, NY US",2019-04-08,3.58,0.26,0,0,79,49
USW00094728,"NY CITY CENTRAL PARK, NY US",2019-04-09,2.91,0.03,0,0,51,46
USW00094728,"NY CITY CENTRAL PARK, NY US",2019-04-10,6.49,0,0,0,60,45
USW00094728,"NY CITY CENTRAL PARK, NY US",2019-04-11,3.13,0,0,0,55,40
USW00094728,"NY CITY CENTRAL PARK, NY US",2019-04-12,3.8,0.63,0,0,68,46
USW00094728,"NY CITY CENTRAL PARK, NY US",2019-04-13,2.91,0.24,0,0,77,59
USW00094728,"NY CITY CENTRAL PARK, NY US",2019-04-14,1.57,0.01,0,0,73,60
USW00094728,"NY CITY CENTRAL PARK, NY US",2019-04-15,8.5,0.96,0,0,65,46
USW00094728,"NY CITY CENTRAL PARK, NY US",2019-04-16,9.4,0,0,0,66,44
USW00094728,"NY CITY CENTRAL PARK, NY US",2019-04-17,3.13,0.01,0,0,63,48
USW00094728,"NY CITY CENTRAL PARK, NY US",2019-04-18,3.58,0,0,0,62,51
USW00094728,"NY CITY CENTRAL PARK, NY US",2019-04-19,3.36,0.01,0,0,80,58
USW00094728,"NY CITY CENTRAL PARK, NY US",2019-04-20,3.8,0.7,0,0,64,55
USW00094728,"NY CITY CENTRAL PARK, NY US",2019-04-21,3.36,0,0,0,66,53
USW00094728,"NY CITY CENTRAL PARK, NY US",2019-04-22,4.47,0.24,0,0,64,52
USW00094728,"NY CITY CENTRAL PARK, NY US",2019-04-23,2.01,0.08,0,0,77,56
USW00094728,"NY CITY CENTRAL PARK, NY US",2019-04-24,5.82,0,0,0,69,55
USW00094728,"NY CITY CENTRAL PARK, NY US",2019-04-25,3.36,0.02,0,0,66,48
USW00094728,"NY CITY CENTRAL PARK, NY US",2019-04-26,4.92,1.03,0,0,59,51
USW00094728,"NY CITY CENTRAL PARK, NY US",2019-04-27,6.93,0.07,0,0,58,47
USW00094728,"NY CITY CENTRAL PARK, NY US",2019-04-28,3.8,0.01,0,0,53,45
USW00094728,"NY CITY CENTRAL PARK, NY US",2019-04-29,2.68,0.01,0,0,60,41
USW00094728,"NY CITY CENTRAL PARK, NY US",2019-04-30,2.01,0.04,0,0,60,48
USW00094728,"NY CITY CENTRAL PARK, NY US",2019-05-01,2.46,0,0,0,56,50
USW00094728,"NY CITY CENTRAL PARK, NY US",2019-05-02,2.68,0.01,0,0,78,50
USW00094728,"NY CITY CENTRAL PARK, NY US",2019-05-03,2.46,0.06,0,0,56,50
USW00094728,"NY CITY CENTRAL PARK, NY US",2019-05-04,1.12,0.11,0,0,71,53
USW00094728,"NY CITY CENTRAL PARK, NY US",2019-05-05,7.16,1.31,0,0,58,51
USW00094728,"NY CITY CENTRAL PARK, NY US",2019-05-06,4.03,0,0,0,74,51
USW00094728,"NY CITY CENTRAL PARK, NY US",2019-05-07,1.34,0.11,0,0,70,52
USW00094728,"NY CITY CENTRAL PARK, NY US",2019-05-08,4.47,0,0,0,71,55
USW00094728,"NY CITY CENTRAL PARK, NY US",2019-05-09,5.59,0,0,0,61,53
USW00094728,"NY CITY CENTRAL PARK, NY US",2019-05-10,1.57,0.04,0,0,73,56
USW00094728,"NY CITY CENTRAL PARK, NY US",2019-05-11,3.13,0.04,0,0,69,56
USW00094728,"NY CITY CENTRAL PARK, NY US",2019-05-12,8.5,1.32,0,0,59,43
USW00094728,"NY CITY CENTRAL PARK, NY US",2019-05-13,5.59,0.7,0,0,48,42
USW00094728,"NY CITY CENTRAL PARK, NY US",2019-05-14,2.24,0.3,0,0,52,44
USW00094728,"NY CITY CENTRAL PARK, NY US",2019-05-15,3.8,0.01,0,0,69,44
USW00094728,"NY CITY CENTRAL PARK, NY US",2019-05-16,2.68,0.12,0,0,73,52
USW00094728,"NY CITY CENTRAL PARK, NY US",2019-05-17,4.92,0.03,0,0,76,60
USW00094728,"NY CITY CENTRAL PARK, NY US",2019-05-18,2.68,0,0,0,75,56
USW00094728,"NY CITY CENTRAL PARK, NY US",2019-05-19,2.91,0.06,0,0,76,60
USW00094728,"NY CITY CENTRAL PARK, NY US",2019-05-20,5.37,0,0,0,85,66
USW00094728,"NY CITY CENTRAL PARK, NY US",2019-05-21,5.82,0,0,0,71,56
USW00094728,"NY CITY CENTRAL PARK, NY US",2019-05-22,4.25,0,0,0,74,54
USW00094728,"NY CITY CENTRAL PARK, NY US",2019-05-23,4.03,0.48,0,0,72,55
USW00094728,"NY CITY CENTRAL PARK, NY US",2019-05-24,7.61,0,0,0,73,61
USW00094728,"NY CITY CENTRAL PARK, NY US",2019-05-25,4.03,0,0,0,71,55
USW00094728,"NY CITY CENTRAL PARK, NY US",2019-05-26,4.25,0.2,0,0,86,59
USW00094728,"NY CITY CENTRAL PARK, NY US",2019-05-27,3.58,0,0,0,80,64
USW00094728,"NY CITY CENTRAL PARK, NY US",2019-05-28,4.25,0.17,0,0,71,62
USW00094728,"NY CITY CENTRAL PARK, NY US",2019-05-29,4.7,0.8,0,0,70,56
USW00094728,"NY CITY CENTRAL PARK, NY US",2019-05-30,2.01,0.95,0,0,70,57
USW00094728,"NY CITY CENTRAL PARK, NY US",2019-05-31,2.68,0,0,0,80,63
USW00094728,"NY CITY CENTRAL PARK, NY US",2019-06-01,2.68,0,0,0,80,63
USW00094728,"NY CITY CENTRAL PARK, NY US",2019-06-02,3.8,0.86,0,0,81,61
USW00094728,"NY CITY CENTRAL PARK, NY US",2019-06-03,5.37,0,0,0,70,58
USW00094728,"NY CITY CENTRAL PARK, NY US",2019-06-04,3.8,0,0,0,70,54
USW00094728,"NY CITY CENTRAL PARK, NY US",2019-06-05,4.47,0,0,0,81,64
USW00094728,"NY CITY CENTRAL PARK, NY US",2019-06-06,4.7,0.04,0,0,83,68
USW00094728,"NY CITY CENTRAL PARK, NY US",2019-06-07,2.24,0,0,0,81,66
USW00094728,"NY CITY CENTRAL PARK, NY US",2019-06-08,6.26,0,0,0,81,63
USW00094728,"NY CITY CENTRAL PARK, NY US",2019-06-09,6.49,0,0,0,78,60
USW00094728,"NY CITY CENTRAL PARK, NY US",2019-06-10,6.71,0.62,0,0,70,60
USW00094728,"NY CITY CENTRAL PARK, NY US",2019-06-11,6.26,0.45,0,0,77,63
USW00094728,"NY CITY CENTRAL PARK, NY US",2019-06-12,4.03,0,0,0,74,59
USW00094728,"NY CITY CENTRAL PARK, NY US",2019-06-13,5.82,0.6,0,0,65,55
USW00094728,"NY CITY CENTRAL PARK, NY US",2019-06-14,6.04,0,0,0,73,58
USW00094728,"NY CITY CENTRAL PARK, NY US",2019-06-15,4.47,0,0,0,81,60
USW00094728,"NY CITY CENTRAL PARK, NY US",2019-06-16,5.14,0.04,0,0,80,65
USW00094728,"NY CITY CENTRAL PARK, NY US",2019-06-17,1.34,0,0,0,76,69
USW00094728,"NY CITY CENTRAL PARK, NY US",2019-06-18,1.79,0.79,0,0,73,67
USW00094728,"NY CITY CENTRAL PARK, NY US",2019-06-19,2.91,0.11,0,0,71,66
USW00094728,"NY CITY CENTRAL PARK, NY US",2019-06-20,3.13,0.42,0,0,78,65
USW00094728,"NY CITY CENTRAL PARK, NY US",2019-06-21,5.14,0.53,0,0,77,65
USW00094728,"NY CITY CENTRAL PARK, NY US",2019-06-22,5.59,0,0,0,79,61
USW00094728,"NY CITY CENTRAL PARK, NY US",2019-06-23,4.7,0,0,0,83,64
USW00094728,"NY CITY CENTRAL PARK, NY US",2019-06-24,1.79,0,0,0,84,67
USW00094728,"NY CITY CENTRAL PARK, NY US",2019-06-25,2.01,0.86,0,0,84,72
USW00094728,"NY CITY CENTRAL PARK, NY US",2019-06-26,3.13,0,0,0,87,72
USW00094728,"NY CITY CENTRAL PARK, NY US",2019-06-27,2.68,0,0,0,89,71
USW00094728,"NY CITY CENTRAL PARK, NY US",2019-06-28,2.46,0,0,0,89,73
USW00094728,"NY CITY CENTRAL PARK, NY US",2019-06-29,4.7,0.08,0,0,91,72
USW00094728,"NY CITY CENTRAL PARK, NY US",2019-06-30,5.14,0.06,0,0,83,69
USW00094728,"NY CITY CENTRAL PARK, NY US",2019-07-01,4.47,0,0,0,85,65
USW00094728,"NY CITY CENTRAL PARK, NY US",2019-07-02,2.46,0.02,0,0,85,71
USW00094728,"NY CITY CENTRAL PARK, NY US",2019-07-03,1.79,0,0,0,87,75
USW00094728,"NY CITY CENTRAL PARK, NY US",2019-07-04,2.68,0,0,0,90,74
USW00094728,"NY CITY CENTRAL PARK, NY US",2019-07-05,2.91,0,0,0,86,72
USW00094728,"NY CITY CENTRAL PARK, NY US",2019-07-06,3.36,0,0,0,90,76
USW00094728,"NY CITY CENTRAL PARK, NY US",2019-07-07,4.92,0,0,0,86,72
USW00094728,"NY CITY CENTRAL PARK, NY US",2019-07-08,2.68,0.04,0,0,78,68
USW00094728,"NY CITY CENTRAL PARK, NY US",2019-07-09,2.68,0,0,0,87,69
USW00094728,"NY CITY CENTRAL PARK, NY US",2019-07-10,2.46,0,0,0,88,74
USW00094728,"NY CITY CENTRAL PARK, NY US",2019-07-11,4.47,0.79,0,0,87,73
USW00094728,"NY CITY CENTRAL PARK, NY US",2019-07-12,5.14,0,0,0,87,72
USW00094728,"NY CITY CENTRAL PARK, NY US",2019-07-13,3.8,0,0,0,85,70
USW00094728,"NY CITY CENTRAL PARK, NY US",2019-07-14,4.92,0,0,0,89,76
USW00094728,"NY CITY CENTRAL PARK, NY US",2019-07-15,2.91,0,0,0,85,68
USW00094728,"NY CITY CENTRAL PARK, NY US",2019-07-16,2.91,0,0,0,91,72
USW00094728,"NY CITY CENTRAL PARK, NY US",2019-07-17,3.58,1.82,0,0,93,73
USW00094728,"NY CITY CENTRAL PARK, NY US",2019-07-18,4.92,0.51,0,0,79,71
USW00094728,"NY CITY CENTRAL PARK, NY US",2019-07-19,3.58,0,0,0,91,71
USW00094728,"NY CITY CENTRAL PARK, NY US",2019-07-20,4.25,0,0,0,95,82
USW00094728,"NY CITY CENTRAL PARK, NY US",2019-07-21,4.47,0,0,0,95,80
USW00094728,"NY CITY CENTRAL PARK, NY US",2019-07-22,2.68,1.66,0,0,90,72
USW00094728,"NY CITY CENTRAL PARK, NY US",2019-07-23,4.03,0.53,0,0,74,67
USW00094728,"NY CITY CENTRAL PARK, NY US",2019-07-24,2.91,0.02,0,0,83,67
USW00094728,"NY CITY CENTRAL PARK, NY US",2019-07-25,1.79,0,0,0,84,70
USW00094728,"NY CITY CENTRAL PARK, NY US",2019-07-26,1.57,0,0,0,88,69
USW00094728,"NY CITY CENTRAL PARK, NY US",2019-07-27,2.91,0,0,0,85,72
USW00094728,"NY CITY CENTRAL PARK, NY US",2019-07-28,5.37,0.01,0,0,88,71
USW00094728,"NY CITY CENTRAL PARK, NY US",2019-07-29,4.47,0,0,0,90,73
USW00094728,"NY CITY CENTRAL PARK, NY US",2019-07-30,3.36,0.01,0,0,92,78
USW00094728,"NY CITY CENTRAL PARK, NY US",2019-07-31,2.91,0.36,0,0,87,70
